Reference	LeftContext	Pivot	RightContext
Le_Ventre_de_Paris_Texte_entier	hommes, ce n’est pas fait pour	travailler	. Elle paya, elle emporta les deux paniers dans le pavillon
Le_Ventre_de_Paris_Texte_entier	de grandes satisfactions : il était très-doux,	travaillait	avec ardeur, remportait les premiers prix. Ce fut sur lui
Le_Ventre_de_Paris_Texte_entier	Un matin, il déclara qu’il voulait	travailler	, qu’il était assez grand pour gagner sa vie. Florent
Le_Ventre_de_Paris_Texte_entier	de Lisa étaient que tout le monde doit	travailler	pour manger ; que chacun est chargé de son propre bonheur ;
Le_Ventre_de_Paris_Texte_entier	aimaient pas le travail salopé, ils voulaient	travailler	à leur aise, sans se maigrir de soucis, en bonnes
Le_Ventre_de_Paris_Texte_entier	en déroute, amener quelque échauffourée, il	travaillait	à rendre l’aventure très-insurrectionnelle. Il mentait, d’ailleurs,
Le_Ventre_de_Paris_Texte_entier	très-malheureux. On les obligea d’abord à	travailler	comme des forçats. Le gendarme qui les gardait les comptait trois
Le_Ventre_de_Paris_Texte_entier	approchait la petite table, il restait à	travailler	jusqu’à minuit. Il avait repoussé le paroissien et la Clef
Le_Ventre_de_Paris_Texte_entier	s’était réglée comme une horloge : il	travaillait	dans sa chambre ; continuait ses leçons au petit Muche, deux
Le_Ventre_de_Paris_Texte_entier	raccommodait du linge, approchant sa chaise,	travaillant	à la même lampe ; souvent, elle laissait l’aiguille pour
Le_Ventre_de_Paris_Texte_entier	y avait pas de bon sens à faire	travailler	ainsi le petit, le soir, à l’heure où les
Le_Ventre_de_Paris_Texte_entier	quand il s’enfermait dans sa mansarde pour	travailler	, la douceur de la pièce l’impatientait, la recherche théorique
Le_Ventre_de_Paris_Texte_entier	ma plus belle œuvre, depuis que je	travaille	, celle dont le souvenir me satisfait le plus ? C’est
Le_Ventre_de_Paris_Texte_entier	de la voûte. Mais, madame Lecœur	travaillait	le beurre, sur une des tables placées le long de la
Le_Ventre_de_Paris_Texte_entier	n’en mangerait pas volontiers, du beurre	travaillé	par les bras de sa tante. Elle regarda dans un petit
Le_Ventre_de_Paris_Texte_entier	Elles le défendirent quelque temps ; puis,	travaillées	par des marchandes qui venaient du pavillon aux beurres et du pavillon
Le_Ventre_de_Paris_Texte_entier	, vous entendez. Je n’ai jamais	travaillé	pour l’ambition de personne. Clémence qui mettait son châle,
Le_Ventre_de_Paris_Texte_entier	Il y a longtemps que la mère Méhudin	travaille	à ce mariage. — N’importe, reprit la marchande de
