Reference	LeftContext	Pivot	RightContext
Le_Ventre_de_Paris_Texte_entier	parlant des bonnes choses avec un dédain d’	homme ignorant	. Puis, voyant Florent l’écouter, lorsqu’il lui expliquait
Le_Ventre_de_Paris_Texte_entier	. C’était un gros avare, un	homme brutal	, qui les reçut comme des meurt-de-faim, la première fois qu’
Le_Ventre_de_Paris_Texte_entier	plier les épaules et accepter ses souffrances d’	homme laid	, médiocre et pauvre. Voulant échapper aux tentations de méchanceté,
Le_Ventre_de_Paris_Texte_entier	point le blesser. Le désintéressement de cet	homme maigre	l’avait frappée ; elle éprouvait pour lui une sorte de respect
Le_Ventre_de_Paris_Texte_entier	mentait, d’ailleurs, se posait en	homme dangereux	, parlait comme si la « séquelle des Tuileries » l’eût
Le_Ventre_de_Paris_Texte_entier	. Ça se voit bien. — Les	hommes maigres	sont de rudes hommes, déclara la Sarriette d’un air convaincu
Le_Ventre_de_Paris_Texte_entier	seuls jeunaient de cette façon désordonnée. Un	homme capable	d’être resté trois jours sans manger était pour elle un être
Le_Ventre_de_Paris_Texte_entier	comme le nommait Gavard, était un petit	homme pâle	, toussant beaucoup, emmailloté de flanelle, de foulards, de
Le_Ventre_de_Paris_Texte_entier	à l’autre comme des professeurs, des	hommes très-capables	, qui s’entendraient. Mais il était à croire qu’il
Le_Ventre_de_Paris_Texte_entier	pas du ventre. Son estomac étroit d’	homme maigre	se révoltait, en passant devant ces étalages de poissons mouillés à
Le_Ventre_de_Paris_Texte_entier	maigres, je m’en défie. Un	homme maigre	, c’est capable de tout. Jamais je n’en ai
Le_Ventre_de_Paris_Texte_entier	, à la fin : c’est un	homme capable	de tout, qui est venu troubler notre ménage. Mais j’
Le_Ventre_de_Paris_Texte_entier	prendre conseil de l’abbé Roustan, un	homme sage	, elle aperçut, en bas, sur le carreau des Halles
Le_Ventre_de_Paris_Texte_entier	l’abbé Roustan, de Saint-Eustache, un	homme distingué	, de bon conseil, dont l’amitié lui paraissait très-sûre.
Le_Ventre_de_Paris_Texte_entier	dans les cas difficiles, à titre d’	homme discret	et sage, qu’elle préférait, disait -elle parfois, à
Le_Ventre_de_Paris_Texte_entier	mettre le feu partout ; puis, un	homme pareil	ne pouvait être entré aux Halles sans « manigancer quelque coup.
Le_Ventre_de_Paris_Texte_entier	on le voyait rôder la nuit avec des	hommes suspects	, dont il devait être le chef. Là, l’imagination
Le_Ventre_de_Paris_Texte_entier	dans chaque quartier deux ou trois groupes d’	hommes solides	, pareils au groupe qui se réunissait chez monsieur Lebigre, il
Le_Ventre_de_Paris_Texte_entier	n’était pas la peine de faire l’	homme désintéressé	, dit Lisa à Quenu, le soir, en se couchant
Le_Ventre_de_Paris_Texte_entier	sombres disparaissaient sous le grand châle. L’	homme chauve	eut un faible sourire, en disant : — Vous voyez,
Le_Ventre_de_Paris_Texte_entier	qui devait lui présenter un ancien sergent,	homme capable	, avec lequel on causerait du plan d’attaque contre le Palais-Bourbon
Le_Ventre_de_Paris_Texte_entier	étonne pas, interrompit la Sarriette ; ces	hommes maigres	sont de fiers hommes. — Oui, et pas jeune encore
