Reference	LeftContext	Pivot	RightContext
Le_Ventre_de_Paris_Texte_entier	de Wikisource le 22 avril 2023 I Au	milieu	du grand silence, et dans le désert de l’avenue,
Le_Ventre_de_Paris_Texte_entier	, avec la secousse des ferrailles, au	milieu	des jurements des charretiers réveillés. Madame François, adossée à une
Le_Ventre_de_Paris_Texte_entier	voiture ; sa face s’enfonçait au beau	milieu	des carottes, dont les bottes montaient et s’épanouissaient ; et
Le_Ventre_de_Paris_Texte_entier	carreau, des amoncellements vagues moutonnaient. Au	milieu	de la chaussée, de grands profils grisâtres de tombereaux barraient la
Le_Ventre_de_Paris_Texte_entier	, vers deux heures, marchant doucement au	milieu	de la foule, souriant de tous ces soldats que l’Élysée
Le_Ventre_de_Paris_Texte_entier	; puis, son nez rose reparaissait au	milieu	des verdures épaisses ; elle riait, et les choux se remettaient
Le_Ventre_de_Paris_Texte_entier	le va-et-vient des hottes s’animait, au	milieu	des têtes cognées, des mots gras, du tapage des voix
Le_Ventre_de_Paris_Texte_entier	, au loin, restaient déserts, au	milieu	du grouillement grandissant de leurs trottoirs. À la pointe Saint-Eustache,
Le_Ventre_de_Paris_Texte_entier	, pareilles à d’énormes roses, au	milieu	des grosses feuilles vertes, et les tas ressemblaient à des bouquets
Le_Ventre_de_Paris_Texte_entier	une vierge de Murillo, toute blonde au	milieu	de ses carpes et de ses anguilles. Et il en vint
Le_Ventre_de_Paris_Texte_entier	. Puis, brusquement, s’arrêtant au	milieu	de la rue : — Voyons, où allez -vous, à
Le_Ventre_de_Paris_Texte_entier	porte grande ouverte mettait sa pointe fraîche au	milieu	de l’odeur chaude et renfermée du vin. Le patron,
Le_Ventre_de_Paris_Texte_entier	Quand il déboucha dans la grande rue du	milieu	, il songea à quelque ville étrange, avec ses quartiers distincts
Le_Ventre_de_Paris_Texte_entier	de légumes, poignées de fruits. Au	milieu	du va-et-vient incessant de la foule, des voitures entraient sous les
Le_Ventre_de_Paris_Texte_entier	et semblait les suivre. Ils étaient au	milieu	du marché des fleurs coupées. Sur le carreau, à droite
Le_Ventre_de_Paris_Texte_entier	leurs pas, flânant, s’attardant au	milieu	des fleurs. Ils s’arrêtèrent curieusement devant des femmes qui vendaient
Le_Ventre_de_Paris_Texte_entier	le coin d’un fiacre, perdu au	milieu	de l’encombrement de la chaussée, et filant sournoisement. —
Le_Ventre_de_Paris_Texte_entier	débordement de nourriture, qui monte au beau	milieu	de Paris, chaque matin. Il rôdait sur le carreau des
Le_Ventre_de_Paris_Texte_entier	vivait avec des agilités d’écureuil, au	milieu	de cette forêt de fonte. Ils faisaient un joli couple,
Le_Ventre_de_Paris_Texte_entier	, laissaient encore quelques trous de ténèbres au	milieu	des joies vibrantes du réveil. Claude battait des mains, à
Le_Ventre_de_Paris_Texte_entier	coin de la rue Rambuteau, debout au	milieu	des vitrines vides du grand magasin de nouveautés, des commis bien
Le_Ventre_de_Paris_Texte_entier	Et, comme sa voix se perdait au	milieu	du brouhaha, il sauta à terre, il prit sa course
Le_Ventre_de_Paris_Texte_entier	l’avenue de Neuilly, il marchait au	milieu	d’une somnolence et d’une souffrance qui lui ôtaient l’idée
Le_Ventre_de_Paris_Texte_entier	où il venait. Il était assis au	milieu	du banc, à côté de pauvres diables, de rôdeurs échoués
Le_Ventre_de_Paris_Texte_entier	tout à fait ; il vint trébucher au	milieu	d’une remise de voitures à bras ; des marchands des quatre
Le_Ventre_de_Paris_Texte_entier	pas, se trompa, se trouva au	milieu	des verdures. Certains tas étaient si hauts, que les gens
Le_Ventre_de_Paris_Texte_entier	des notes aiguës de petite flûte, au	milieu	des basses sourdes de la foule. C’était la marée,
Le_Ventre_de_Paris_Texte_entier	toujours suivi par Florent. Là, au	milieu	de la chaussée, du coin de l’œil, il lui
Le_Ventre_de_Paris_Texte_entier	rue Rambuteau, allumant les façades, au	milieu	desquelles l’ouverture de la rue Pirouette faisait un trou noir.
Le_Ventre_de_Paris_Texte_entier	comme une immense châsse. Et, au	milieu	de la cohue, du fond du carrefour, une armée de
Le_Ventre_de_Paris_Texte_entier	des pointes de couleurs vives qui chantaient au	milieu	de la blancheur de ses marbres. L’enseigne, où le
Le_Ventre_de_Paris_Texte_entier	représentaient de petits Amours joufflus, jouant au	milieu	de hures, de côtelettes de porc, de guirlandes de saucisses
Le_Ventre_de_Paris_Texte_entier	gradin de cette chapelle du ventre, au	milieu	des bouts de la crépine, entre deux bouquets de glaïeuls pourpres
Le_Ventre_de_Paris_Texte_entier	, une plénitude solide et heureuse, au	milieu	de toutes ces gaietés grasses. C’était une belle femme.
Le_Ventre_de_Paris_Texte_entier	arrivée dans les légumes, son agonie au	milieu	des Halles, cet éboulement continu de nourriture auquel il venait d’
Le_Ventre_de_Paris_Texte_entier	avait douze ans, sanglotant tout seul au	milieu	de la cuisine, assis sur une table. Un marchand de
Le_Ventre_de_Paris_Texte_entier	et son visage commençait à jaunir, au	milieu	des taquineries cruelles de l’enseignement. Quenu devenait un petit bonhomme
Le_Ventre_de_Paris_Texte_entier	femme se mourait de la poitrine, au	milieu	de l’odeur grasse des volailles. Quand Florent rentrait trop tard
Le_Ventre_de_Paris_Texte_entier	déplaisaient ; tout ce papier noirci, au	milieu	duquel il vivait, lui rappelait la classe puante, les boulettes
Le_Ventre_de_Paris_Texte_entier	la cuisine, leurs mains se rencontraient au	milieu	des hachis. Elle l’aidait parfois, elle tenait les boyaux
Le_Ventre_de_Paris_Texte_entier	ne fallait pas laisser le mort au beau	milieu	de la cuisine ; elle le fit porter au fond, dans
Le_Ventre_de_Paris_Texte_entier	oubliant l’une dans l’autre, au	milieu	des pièces de cent sous. Le crépuscule les surprit. Alors
Le_Ventre_de_Paris_Texte_entier	Elle l’aidait, rencontrait ses mains au	milieu	des hachis, se penchait au-dessus de son épaule pour visiter d’
Le_Ventre_de_Paris_Texte_entier	doré et très-orné, laissant pendre, au	milieu	, un lustre à quatre branches ; et, derrière le comptoir
Le_Ventre_de_Paris_Texte_entier	toujours par voies et par chemins, au	milieu	de trafics d’enfer. Il est impossible, n’est -ce
Le_Ventre_de_Paris_Texte_entier	de trouble, laissant couler les journées au	milieu	de cet air gras, de cette prospérité alourdie. C’était
Le_Ventre_de_Paris_Texte_entier	avec des complaisances infinies. Ce fut au	milieu	de ces joies sagement cultivées et mûries que Florent tomba, un
Le_Ventre_de_Paris_Texte_entier	comptoir. Mais ce qui étonnait, au	milieu	de ces choses neuves, c’était, adossé au mur de
Le_Ventre_de_Paris_Texte_entier	odeur forte des volailles. Enfin, au	milieu	de l’allée, près des fontaines, il trouvait Gavard,
Le_Ventre_de_Paris_Texte_entier	avec des mines de bon prince, au	milieu	d’un groupe de dix à douze femmes. Il était le
Le_Ventre_de_Paris_Texte_entier	s’en occuper. L’enfant grandit au	milieu	des Halles. Comme elle se nommait Sarriet de son nom de
Le_Ventre_de_Paris_Texte_entier	mettait une effigie de reine empâtée, au	milieu	de ce lard et de ces chairs crues. Puis, la
Le_Ventre_de_Paris_Texte_entier	une ligne blanche de sa gorge, au	milieu	. Avant de sortir, elle alla menacer Gavard en répétant :
Le_Ventre_de_Paris_Texte_entier	? Je vous ai vu rire, du	milieu	de la rue … Oh ! le sournois. Tenez, je
Le_Ventre_de_Paris_Texte_entier	lièvre. Et elle posait chaque tranche au	milieu	de la feuille de papier, sur les balances. — Vous
Le_Ventre_de_Paris_Texte_entier	forme d’un gâteau de Savoie, au	milieu	d’une plaque de porcelaine, trembla sous sa main brutale de
Le_Ventre_de_Paris_Texte_entier	, en face, la poissonnière, au	milieu	de ses saumons et de ses turbots. Elles se surveillaient toutes
Le_Ventre_de_Paris_Texte_entier	la façon malapprise dont il était tombé au	milieu	de ce monde gras, en maigre naïf ; il s’avouait
Le_Ventre_de_Paris_Texte_entier	sais pas comment vous faites pour rester au	milieu	de cette cuisine. Ça pue là-dedans. Quand j’y passe
Le_Ventre_de_Paris_Texte_entier	autour d’une table carrée, placée au	milieu	. Les murs de la pièce éclairée au gaz étaient recouverts de
Le_Ventre_de_Paris_Texte_entier	transparence de chêne verni. Et, au	milieu	de cette buée amassée goutte à goutte, de cette évaporation continue
Le_Ventre_de_Paris_Texte_entier	jeta. Il dut vivre cinq semaines au	milieu	de ces bandits, vêtu comme eux de toile à voile,
Le_Ventre_de_Paris_Texte_entier	grouillement de crabes, s’étalait étrangement au	milieu	de la cuisine, mêlait des odeurs suspectes aux parfums du lard
Le_Ventre_de_Paris_Texte_entier	sans apercevoir un coin de ciel, au	milieu	d’une ombre verdâtre, toute pleine d’une horreur vivante.
Le_Ventre_de_Paris_Texte_entier	la lâcheté heureuse de cette digestion continue du	milieu	gras où il vivait depuis quinze jours. C’était, à
Le_Ventre_de_Paris_Texte_entier	, pendant quelques matinées, le guider au	milieu	du monde turbulent qu’il allait avoir à surveiller. Ce pauvre
Le_Ventre_de_Paris_Texte_entier	, dans des bourriches, mettaient, au	milieu	de la douceur effacée de leurs tas, les imperceptibles boutons de
Le_Ventre_de_Paris_Texte_entier	du cuivre rouge taché de vert-de-gris. Au	milieu	de ces dorures sévères, les mannes de goujons et de perches
Le_Ventre_de_Paris_Texte_entier	le matin achevaient longuement de mourir, au	milieu	du tapage des criées ; ils ouvraient la bouche, les flancs
Le_Ventre_de_Paris_Texte_entier	Normande montrait son nœud de dentelle, au	milieu	des tignasses crêpues, coiffées d’un foulard, des nez d’
Le_Ventre_de_Paris_Texte_entier	apportés et remportés par les compteurs-verseurs, au	milieu	des bredouillements qui redoublaient, et de l’écrasement des poissonnières qui
Le_Ventre_de_Paris_Texte_entier	jour où monsieur Verlaque l’avait promené au	milieu	des criées, lui expliquant, avec beaucoup de réticences, que
Le_Ventre_de_Paris_Texte_entier	qu’il semblait immobile ; et, au	milieu	, au centre des trois pentes du zinc, se creusait un
Le_Ventre_de_Paris_Texte_entier	de son air humble et heureux, au	milieu	des plus orageuses discussions politiques. Le jour où le marchand de
Le_Ventre_de_Paris_Texte_entier	faisait une étrange tache d’insecte, au	milieu	de ces clartés crues. Florent, en voyant qu’elle tentait
Le_Ventre_de_Paris_Texte_entier	C’était comme des lacs endormis, au	milieu	desquels le reflet furtif de quelque vitre allumait la lueur argentée d’
Le_Ventre_de_Paris_Texte_entier	des Halles, qui lui donnait, au	milieu	des rues étranglées de Paris, la vision vague d’un bord
Le_Ventre_de_Paris_Texte_entier	ans, elle restait un Murillo, au	milieu	de ses carpes et de ses anguilles, selon le mot de
Le_Ventre_de_Paris_Texte_entier	tout un étalage frais. Et, au	milieu	de ces poissons à l’œil vif, dont les ouïes saignaient
Le_Ventre_de_Paris_Texte_entier	méchanceté, et Florent s’en alla au	milieu	des huées, l’air sévère, feignant de ne pas entendre
Le_Ventre_de_Paris_Texte_entier	un flot d’ordures. Gavard, au	milieu	de ces jupes impudentes et fortes d’odeur, se serait pâmé
Le_Ventre_de_Paris_Texte_entier	au cœur. Son enfant grandissait librement au	milieu	de la poissonnerie. Dès l’âge de trois ans, il
Le_Ventre_de_Paris_Texte_entier	y réfugiait, loin du monde, au	milieu	du grondement continu des Halles, qui le faisait rêver à quelque
Le_Ventre_de_Paris_Texte_entier	par des contestations, des querelles, au	milieu	desquelles il s’efforçait de se montrer très-juste. Il lui fallait
Le_Ventre_de_Paris_Texte_entier	révolutionnait le marché. Il se promenait au	milieu	de la cohue et du tapage de la vente, suivait les
Le_Ventre_de_Paris_Texte_entier	un départ, à un voyage, au	milieu	de barils de salaisons. Puis, l’après-midi, les Halles
Le_Ventre_de_Paris_Texte_entier	alors de cet entassement de nourriture, au	milieu	duquel il vivait. Les dégoûts de la charcuterie lui revinrent,
Le_Ventre_de_Paris_Texte_entier	par le large escalier qui se creuse au	milieu	du pavillon. Là, dans l’air renfermé, dans le
Le_Ventre_de_Paris_Texte_entier	un peuple. Il souffrait encore de ce	milieu	grossier, dont les paroles et les gestes semblaient avoir pris de
Le_Ventre_de_Paris_Texte_entier	, il mettait sa grande ombre noire au	milieu	de la douceur effacée de la mansarde. Et, parfois,
Le_Ventre_de_Paris_Texte_entier	vie. Il fût devenu, sans le	milieu	et les circonstances, un bon professeur de province, heureux de
Le_Ventre_de_Paris_Texte_entier	jupes dégageait une buée ; elle marchait au	milieu	d’une évaporation d’algues vaseuses ; elle était, avec son
Le_Ventre_de_Paris_Texte_entier	plus le cabinet. Il y trouvait un	milieu	surchauffé, où ses fièvres politiques battaient à l’aise. Parfois
Le_Ventre_de_Paris_Texte_entier	ils parlaient encore pendant des heures, au	milieu	du silence des autres, sans que jamais l’un d’eux
Le_Ventre_de_Paris_Texte_entier	. Cette grande fille grave, perdue au	milieu	de tous ces hommes, avait une façon professorale d’écouter parler
Le_Ventre_de_Paris_Texte_entier	la bougie allumée ; cette bougie brûlait au	milieu	du grand silence, avec une flamme haute et triste. Comme
Le_Ventre_de_Paris_Texte_entier	, l’édredon au menton, vautré au	milieu	du lit, il vit Lisa, assise devant le secrétaire,
Le_Ventre_de_Paris_Texte_entier	traversant les rues avec des rires, au	milieu	des voitures, sans avoir peur d’être écrasés. Ils connaissaient
Le_Ventre_de_Paris_Texte_entier	des grands jardiniers de Montreuil, venues au	milieu	de leurs roses. Les jours de Sainte Marie, de Saint
Le_Ventre_de_Paris_Texte_entier	vite. Le long des trottoirs, au	milieu	des coudoiements de la rue, ses doigts rapides fleurissaient, sans
Le_Ventre_de_Paris_Texte_entier	sujet d’escapades. Ils pénétraient au beau	milieu	des chantiers, par quelque fente des clôtures de planches ; ils
Le_Ventre_de_Paris_Texte_entier	à l’instinct, satisfaisant leurs appétits au	milieu	de ces entassements de nourriture, dans lesquels ils avaient poussé comme
Le_Ventre_de_Paris_Texte_entier	une odeur de charnier, ils marchaient au	milieu	de flaques sombres, où semblaient s’allumer par instants des yeux
Le_Ventre_de_Paris_Texte_entier	de bœuf. Il était là, au	milieu	des voitures des tripiers acculées aux trottoirs, dans la foule des
Le_Ventre_de_Paris_Texte_entier	colossal, Cadine et Marjolin s’aimant au	milieu	des Halles centrales, dans les légumes, dans la marée,
Le_Ventre_de_Paris_Texte_entier	énorme et lourde cage de pierre, au	milieu	des empilements de sacs blancs de farine, écoutant le bruit de
Le_Ventre_de_Paris_Texte_entier	, une fabrique de savon, très-douce au	milieu	des puanteurs voisines, qui arrêtait Marjolin, attendant que quelqu’un entrât
Le_Ventre_de_Paris_Texte_entier	boîtes de sardines, qui font, au	milieu	des sacs et des caisses, des colonnes ouvragées de métal.
Le_Ventre_de_Paris_Texte_entier	Un peu gênée par son éventaire, au	milieu	des femmes des Halles, en tabliers sales devant ces toilettes des
Le_Ventre_de_Paris_Texte_entier	d’un coup de soleil, jusqu’au	milieu	de la chaussée. Et Cadine croyait entrer dans quelque chose de
Le_Ventre_de_Paris_Texte_entier	des boîtes de carton. Et, au	milieu	de ce cadre, au fond d’une sorte de chapelle,
Le_Ventre_de_Paris_Texte_entier	, les lançait par-dessus le tas, au	milieu	de la chaussée. Il adorait aussi le trottoir de la rue
Le_Ventre_de_Paris_Texte_entier	-là, la belle Lisa trouva Marjolin au	milieu	de la volaille. L’après-midi était tiède, des souffles passaient
Le_Ventre_de_Paris_Texte_entier	se ballonnant ainsi qu’une nudité, au	milieu	des blancheurs de linge de la queue et des ailes. Il
Le_Ventre_de_Paris_Texte_entier	, elle le trouva tout à coup au	milieu	de ses jupes ; elle crut qu’elle s’était trop avancée
Le_Ventre_de_Paris_Texte_entier	elle reconnut parfaitement Cadine qui pleurait, au	milieu	du groupe ; tandis que Florent et Claude, les pieds blancs
Le_Ventre_de_Paris_Texte_entier	cette façon une rosace de Saint-Eustache au beau	milieu	des Halles centrales. Voyez -vous, il y a là tout
Le_Ventre_de_Paris_Texte_entier	une longue bande de terrain, séparée au	milieu	par une allée étroite. Il montait un peu ; et,
Le_Ventre_de_Paris_Texte_entier	François, comme d’une longue marche au	milieu	de bruits assourdissants et de senteurs infectes. Le tapage, l’
Le_Ventre_de_Paris_Texte_entier	absolu, délivré des odeurs de nourriture au	milieu	desquelles il s’affolait, renaissant dans la sève de la campagne
Le_Ventre_de_Paris_Texte_entier	, et qui ressemble à une quille au	milieu	d’un peuple de boules. Il voyait là tout le drame
Le_Ventre_de_Paris_Texte_entier	vu, en bas, très-occupé, au	milieu	de la marée. S’asseyant devant la petite table, elle
Le_Ventre_de_Paris_Texte_entier	dans les poches. La fontaine, au	milieu	de la pelouse coupée de corbeilles, coulait, avec la déchirure
Le_Ventre_de_Paris_Texte_entier	urnes, mettaient leur grâce nue, au	milieu	de l’air noir du quartier Saint-Denis. Les enfants firent le
Le_Ventre_de_Paris_Texte_entier	. Elle était à genoux, au beau	milieu	de la terre molle, s’allongeant sur le ventre, enfonçant
Le_Ventre_de_Paris_Texte_entier	ailleurs, elle avait des connaissances. Au	milieu	des piaillements intolérables de la marmaille et du roulement continu des voitures
Le_Ventre_de_Paris_Texte_entier	! … La Sarriette était adorable, au	milieu	de ses fruits, avec son débraillé de belle fille. Ses
Le_Ventre_de_Paris_Texte_entier	dorées, toute une nudité discrète, au	milieu	des brins de fougère ; elles étaient de peaux différentes, les
Le_Ventre_de_Paris_Texte_entier	, pendant que la vieille s’installait au	milieu	des fromages. En bas, la cave était très-sombre ; le
Le_Ventre_de_Paris_Texte_entier	marchande pétrissait « la maniotte, » au	milieu	d’une boîte de chêne. Elle prenait, à côté d’
Le_Ventre_de_Paris_Texte_entier	par ces vilains bras, s’acharnant au	milieu	de cette masse fondante. Mais elle se rappelait le métier ;
Le_Ventre_de_Paris_Texte_entier	rassura, en apercevant mademoiselle Saget, au	milieu	des fromages. Elle n’avait eu garde de s’en aller
Le_Ventre_de_Paris_Texte_entier	fait nommer têtes-de-mort. Un parmesan, au	milieu	de cette lourdeur de pâte cuite, ajoutait sa pointe d’odeur
Le_Ventre_de_Paris_Texte_entier	surprenante d’haleines gâtées. Cependant, au	milieu	de cette phrase vigoureuse, le parmesan jetait par moments un filet
Le_Ventre_de_Paris_Texte_entier	Cela s’épandait, se soutenait, au	milieu	du vibrement général, n’ayant plus de parfums distincts, d’
Le_Ventre_de_Paris_Texte_entier	chez la charcutière, s’asseyait au beau	milieu	de la boutique, à l’heure de la vente, faisait
Le_Ventre_de_Paris_Texte_entier	il était tiré ; il représentait, au	milieu	d’une clairière, un déjeuner de chasse, avec des messieurs
Le_Ventre_de_Paris_Texte_entier	chapeau noir de mademoiselle Saget apparaissait, au	milieu	de ce déchaînement. Sa petite face pâle semblait se multiplier.
Le_Ventre_de_Paris_Texte_entier	, racontant des courses sans fin, au	milieu	de l’enthousiasme du peuple. Ce qu’il rapportait de plus
Le_Ventre_de_Paris_Texte_entier	par un carreau, gesticulant beaucoup, au	milieu	d’un groupe attentif de très-jeunes gens. Jamais Florent ne put
Le_Ventre_de_Paris_Texte_entier	police. Comme elle s’était perdue au	milieu	d’un tohu-bohu de sergents de ville et de messieurs en grandes
Le_Ventre_de_Paris_Texte_entier	passaient plus rapides et plus sonores, au	milieu	de la chaussée vide. Une éclaircie se fit. Une lueur
Le_Ventre_de_Paris_Texte_entier	parfois, durant des nuits entières, au	milieu	de cauchemars sans fin. La veille, à Clamart, il
Le_Ventre_de_Paris_Texte_entier	sa lâcheté. S’il souffrait de ce	milieu	gras et trop nourri, il méritait cette souffrance. Et il
Le_Ventre_de_Paris_Texte_entier	face toutes leurs mauvaises haleines, roulées au	milieu	de la ville comme un ivrogne sous la table, à la
Le_Ventre_de_Paris_Texte_entier	de marbre d’un lutteur antique, au	milieu	de la pelouse, roucoulant et se rengorgeant d’une façon plus
Le_Ventre_de_Paris_Texte_entier	bras de marbre du lutteur antique, au	milieu	du grand silence du jardin, tandis que, sous l’ombre
Le_Ventre_de_Paris_Texte_entier	vision rapide de bataille. Lui, au	milieu	, très-pâle, ne pouvait regarder, se cachait la figure entre
Le_Ventre_de_Paris_Texte_entier	poussèrent un soupir. Sur la planche du	milieu	, il y avait une dizaine de mille francs en pièces d’
Le_Ventre_de_Paris_Texte_entier	de ces rues grasses. Lorsque, au	milieu	de ces faces rondes qui passaient dans un éclair, il évoqua
Le_Ventre_de_Paris_Texte_entier	innocent de Robine s’en allant doucement au	milieu	de la foule. Logre était acquitté, ainsi que Lacaille.
Le_Ventre_de_Paris_Texte_entier	Et, un matin d’août, au	milieu	du réveil des Halles, Claude Lantier, qui promenait sa flânerie
Le_Ventre_de_Paris_Texte_entier	avec une montre d’or, chantant au	milieu	de ses prunes et de ses fraises, tirant les petites moustaches
