Reference	LeftContext	Pivot	RightContext
Le_Ventre_de_Paris_Texte_entier	. En haut, sur la charge des	légumes	, allongés à plat ventre, couverts de leur limousine à petites
Le_Ventre_de_Paris_Texte_entier	François, adossée à une planchette contre ses	légumes	, regardait, ne voyait rien, dans la maigre lueur jetée
Le_Ventre_de_Paris_Texte_entier	impatientaient. Celui qui était agenouillé dans ses	légumes	reprit de sa voix enrouée : — Fouettez donc, la mère
Le_Ventre_de_Paris_Texte_entier	aux Halles, je vous déballerai avec mes	légumes	. Et, comme il refusait, elle le hissa presque,
Le_Ventre_de_Paris_Texte_entier	, exténué, embrassant la charge énorme des	légumes	, de peur d’être jeté à terre par un cahot,
Le_Ventre_de_Paris_Texte_entier	un fer rouge. L’odeur fraîche des	légumes	dans lesquels il était enfoncé, cette senteur pénétrante des carottes,
Le_Ventre_de_Paris_Texte_entier	, elle pria Florent de lui passer les	légumes	, bottes par bottes. Elle les rangea méthodiquement sur le carreau
Le_Ventre_de_Paris_Texte_entier	, l’éboulement sourd d’une charretée de	légumes	, le dernier ébranlement d’une voiture butant contre la bordure d’
Le_Ventre_de_Paris_Texte_entier	le sommeil qui traînait là, gens et	légumes	en tas, attendant le jour. Mais ce qui le surprenait
Le_Ventre_de_Paris_Texte_entier	volaille, et, derrière, les gros	légumes	, le beurre, le fromage … Il y a six pavillons
Le_Ventre_de_Paris_Texte_entier	il y rentrait, sur un lit de	légumes	; il y roulait, dans un inconnu de mangeailles, qu’
Le_Ventre_de_Paris_Texte_entier	s’allongeait, avec les bosses sombres des	légumes	. On ne voyait encore, dans la clarté brusque et tournante
Le_Ventre_de_Paris_Texte_entier	d’ouvrir les grilles du pavillon aux gros	légumes	; les revendeuses de ce pavillon, en bonnets blancs, avec
Le_Ventre_de_Paris_Texte_entier	de nouveau près de Florent, sur les	légumes	d’une voisine. Florent baissait la tête, il venait de
Le_Ventre_de_Paris_Texte_entier	toute la semaine … Hein ! les beaux	légumes	, ce matin. Je suis descendu de bonne heure, me
Le_Ventre_de_Paris_Texte_entier	deux camarades, enjambant les paniers et les	légumes	. Sur le carreau de la rue Rambuteau, il y avait
Le_Ventre_de_Paris_Texte_entier	sac, à cette heure, débordait de	légumes	. Il en était à la troisième tournée, avec un camarade
Le_Ventre_de_Paris_Texte_entier	paniers et des linges oubliés. Aux gros	légumes	, aux fleurs et aux fruits, le vacarme allait grandissant.
Le_Ventre_de_Paris_Texte_entier	de la veille au soir, bottes de	légumes	, poignées de fruits. Au milieu du va-et-vient incessant de la
Le_Ventre_de_Paris_Texte_entier	c’était trop beau, ces diables de	légumes	, et les fruits, et les poissons, et la viande
Le_Ventre_de_Paris_Texte_entier	j’ai encore plus de tendresses pour mes	légumes	… Non, tenez, ce qui est exaspérant, ce qui
Le_Ventre_de_Paris_Texte_entier	à admirer le jour se levant sur les	légumes	. C’était une mer. Elle s’étendait de la pointe
Le_Ventre_de_Paris_Texte_entier	carrefours, le flot grandissait encore, les	légumes	submergeaient les pavés. Le jour se levait lentement, d’un
Le_Ventre_de_Paris_Texte_entier	au fond de la rue Rambuteau, les	légumes	s’éveillaient davantage, sortaient du grand bleuissement traînant à terre.
Le_Ventre_de_Paris_Texte_entier	spectacle. Il trouvait « ces gredins de	légumes	» extravagants, fous, sublimes. Et il soutenait qu’ils
Le_Ventre_de_Paris_Texte_entier	des Droguerie et pharmacie, des Farines et	légumes	secs, aux grosses majuscules rouges ou noires, sur des fonds
Le_Ventre_de_Paris_Texte_entier	encombrées de voitures de toutes sortes ; des	légumes	couvraient les trottoirs. Alors, il alla devant lui, jusqu’
Le_Ventre_de_Paris_Texte_entier	Saint-Denis. Là, il rentra dans les	légumes	. Aux deux bords, les marchands forains venaient d’installer leurs
Le_Ventre_de_Paris_Texte_entier	Il marcha devant lui, entra dans les	légumes	. Il s’y perdit. Il prit un étroit sentier,
Le_Ventre_de_Paris_Texte_entier	Autour de lui, le soleil enflammait les	légumes	. Il ne reconnaissait plus l’aquarelle tendre des pâleurs de l’
Le_Ventre_de_Paris_Texte_entier	sa nuit terrible, son arrivée dans les	légumes	, son agonie au milieu des Halles, cet éboulement continu de
Le_Ventre_de_Paris_Texte_entier	son voisin, chargé d’une fourniture de	légumes	secs pour l’armée d’Orient. La vérité fut qu’après
Le_Ventre_de_Paris_Texte_entier	restait sous l’averse, pour vendre ses	légumes	. Le carreau se changeait en une mare de boue liquide.
Le_Ventre_de_Paris_Texte_entier	la pluie ne fait pas de mal aux	légumes	, et qu’il n’y a pas lieu d’établir des
Le_Ventre_de_Paris_Texte_entier	sachant que sourire. Quand une marchande de	légumes	le découvrit sous le grand chou blanc, elle poussa un tel
Le_Ventre_de_Paris_Texte_entier	y avait tant de monde et tant de	légumes	. La mère Chantemesse, qui vendait au petit tas, était
Le_Ventre_de_Paris_Texte_entier	un peu dur, encore tout odorant des	légumes	qu’elle y avait longtemps tenus frais sous des linges mouillés.
Le_Ventre_de_Paris_Texte_entier	y faisait pas clair, et que des	légumes	traînaient dans les coins noirs. La rue au Lard, elle
Le_Ventre_de_Paris_Texte_entier	jambes jusqu’aux genoux dans les fanes de	légumes	; ils ne glissaient pas, ils se moquaient, quand quelque
Le_Ventre_de_Paris_Texte_entier	ruisseaux, se cachaient sous des tas de	légumes	, restaient là, au frais, à bavarder, comme la
Le_Ventre_de_Paris_Texte_entier	s’ils voulaient l’aider à éplucher ses	légumes	. Les premiers jours, les enfants eurent un beau zèle.
Le_Ventre_de_Paris_Texte_entier	. La mère Chantemesse avait la spécialité des	légumes	épluchés ; elle tenait, sur sa table tendue d’un bout
Le_Ventre_de_Paris_Texte_entier	croissants d’or dans la blancheur des autres	légumes	lavés à grande eau. Cadine se montra beaucoup plus habile que
Le_Ventre_de_Paris_Texte_entier	immense de viandes, de beurres et de	légumes	. Mais ils eurent toujours une amitié particulière pour les grands paniers
Le_Ventre_de_Paris_Texte_entier	d’odeurs leur arrivaient : la fadeur des	légumes	, l’âpreté de la marée, la rudesse pestilentielle des fromages
Le_Ventre_de_Paris_Texte_entier	au milieu des Halles centrales, dans les	légumes	, dans la marée, dans la viande. Il les aurait
Le_Ventre_de_Paris_Texte_entier	tiennent les marchandes au petit tas. Les	légumes	en plein air le ravissaient, sur les tables recouvertes de chiffons
Le_Ventre_de_Paris_Texte_entier	jour, madame François avait déjà vendu ses	légumes	. Ils allèrent tous trois chercher la voiture, rue Montorgueil,
Le_Ventre_de_Paris_Texte_entier	amitié pour le fumier. Les épluchures des	légumes	, les boues des Halles, les ordures tombées de cette table
Le_Ventre_de_Paris_Texte_entier	gigantesque, restaient vivantes, revenaient où les	légumes	avaient poussé, pour tenir chaud à d’autres générations de choux
Le_Ventre_de_Paris_Texte_entier	semblait qu’on entendît naître et pousser les	légumes	. Les carrés d’épinards et d’oseille, les bandes de
Le_Ventre_de_Paris_Texte_entier	d’un an, il ne connaissait les	légumes	que meurtris par les cahots des tombereaux, arrachés de la veille
Le_Ventre_de_Paris_Texte_entier	saine et robuste, grandie ainsi que les	légumes	dans le terreau du potager ; tandis qu’il se souvenait des
Le_Ventre_de_Paris_Texte_entier	gibier, têtes ou queues de poissons,	légumes	, charcuterie, jusqu’à du dessert, des gâteaux à peine
Le_Ventre_de_Paris_Texte_entier	de sang. Puis, les marchés aux	légumes	et aux fruits exhalaient des odeurs de choux aigres, de pommes
Le_Ventre_de_Paris_Texte_entier	qui promenait sa flânerie dans l’arrivage des	légumes	, le ventre serré par sa ceinture rouge, vint toucher la
