word	F
au milieu de la chaussée	4
au milieu de la cohue	2
au milieu de la cuisine	2
au milieu de la douceur	2
au milieu de la foule	2
au milieu de la pelouse	2
au milieu de l’ odeur	2
au milieu de ses carpes	2
au milieu d’ un groupe	2
au milieu de barils	1
au milieu de bruits	1
au milieu de cauchemars	1
au milieu de ce cadre	1
au milieu de ce déchaînement	1
au milieu de ce lard	1
au milieu de ce monde	1
au milieu de ces bandits	1
au milieu de ces choses	1
au milieu de ces clartés	1
Au milieu de ces dorures	1
au milieu de ces entassements	1
au milieu de ces faces	1
au milieu de ces joies	1
au milieu de ces jupes	1
au milieu de ces poissons	1
au milieu de cet air	1
au milieu de cette buée	1
au milieu de cette cuisine	1
au milieu de cette forêt	1
au milieu de cette lourdeur	1
au milieu de cette masse	1
au milieu de cette phrase	1
au milieu de flaques	1
au milieu de hures	1
au milieu de la blancheur	1
Au milieu de la chaussée	1
au milieu de la feuille	1
au milieu de la marée	1
au milieu de la poissonnerie	1
au milieu de la rue	1
au milieu de la ville	1
au milieu de la volaille	1
au milieu de leurs roses	1
au milieu de l’ air	1
au milieu de l’ allée	1
au milieu de l’ encombrement	1
au milieu de l’ enthousiasme	1
au milieu de ses fruits	1
au milieu de ses jupes	1
au milieu de ses prunes	1
au milieu de ses saumons	1
au milieu de tous ces hommes	1
au milieu de toutes ces gaietés	1
au milieu de trafics	1
au milieu d’ une boîte	1
au milieu d’ une clairière	1
au milieu d’ une évaporation	1
au milieu d’ une ombre	1
au milieu d’ une plaque	1
au milieu d’ une remise	1
au milieu d’ une somnolence	1
au milieu d’ un peuple	1
au milieu d’ un tohu-bohu	1
