word	F
belle	223
grande	123
grand	109
autre	105
autres	100
petit	91
petite	88
gros	70
bon	68
vieille	65
bonne	59
grands	53
Muche	51
grandes	49
petits	47
nouveau	46
jeune	45
blanc	44
rouges	43
beau	42
grosse	40
même	40
rouge	40
-même	39
plein	39
noir	38
heureux	37
Lebigre	36
gras	34
noire	33
petites	33
seul	33
énorme	32
minces	31
pleine	30
jaunes	29
large	29
tendre	29
blanche	27
grosses	27
jaune	27
rose	27
forte	26
pâle	26
pauvre	26
blancs	25
Normande	25
fort	24
gauche	24
noirs	24
superbe	24
vieux	24
dernier	23
francs	23
Augustine	22
bonnes	22
chaud	22
Gras	22
larges	22
roses	22
mauvais	21
nouvelle	21
seule	21
terrible	21
tranquille	21
vide	21
douce	20
doux	19
énormes	19
grasses	19
mince	19
vrai	19
haut	18
sombre	18
sourde	18
clair	17
haute	17
maigre	17
mauvaise	17
noires	17
vague	17
brave	16
libre	16
sûr	16
basse	15
belles	15
blanches	15
dernière	15
frais	15
grasse	15
heureuse	15
neuf	15
Quenu	15
étroite	14
froide	14
grises	14
politique	14
beaux	13
blême	13
bons	13
calme	13
chaude	13
couverte	13
fraîche	13
immense	13
long	13
longue	13
longues	13
mauvaises	13
superbes	13
triste	13
chaudes	12
drôle	12
entier	12
étroit	12
honnêtes	12
juste	12
léger	12
moindre	12
pleines	12
propre	12
seuls	12
tiède	12
vides	12
ancien	11
bête	11
bleu	11
digne	11
honnête	11
maigres	11
molle	11
rondes	11
rude	11
vieilles	11
vivantes	11
voisines	11
bleues	10
cher	10
fine	10
longs	10
muette	10
pareil	10
pareilles	10
pleins	10
riche	10
rudes	10
sombres	10
terribles	10
véritable	10
claire	9
continu	9
entières	9
fortes	9
furieux	9
grave	9
gris	9
grise	9
malade	9
nouvelles	9
possible	9
sales	9
vert	9
vive	9
vives	9
bas	8
bel	8
bleus	8
centrales	8
claires	8
entière	8
épais	8
étrange	8
étroites	8
exquise	8
froides	8
furieuse	8
gigantesques	8
ouverte	8
pauvres	8
politiques	8
sérieuse	8
sérieux	8
solide	8
vif	8
aiguë	7
couvertes	7
dangereux	7
formidable	7
froid	7
humide	7
jolie	7
las	7
lente	7
marchande	7
méchant	7
meilleur	7
molles	7
muet	7
nerveux	7
pareils	7
particulière	7
plat	7
réguliers	7
révolutionnaire	7
sage	7
saignants	7
secs	7
sévère	7
vaste	7
vivante	7
adorable	6
bleue	6
braves	6
brusque	6
brusques	6
capable	6
chère	6
cinquante	6
confus	6
courtes	6
droite	6
épaisse	6
étroits	6
folle	6
hautes	6
interminables	6
inutile	6
jeunes	6
législatif	6
louches	6
malheureux	6
mêmes	6
menus	6
moderne	6
moindres	6
nécessaire	6
propres	6
pure	6
ronde	6
sourdes	6
sournois	6
tendres	6
verdâtre	6
vitré	6
vitrée	6
affreuse	5
aiguës	5
aimables	5
blonde	5
blondes	5
blonds	5
carrés	5
colossale	5
derniers	5
dorées	5
double	5
dur	5
durs	5
éternel	5
extraordinaire	5
fade	5
fades	5
faible	5
faux	5
fermés	5
fin	5
fines	5
habituel	5
impossible	5
infinies	5
joli	5
lâche	5
méchante	5
-mêmes	5
mère	5
muettes	5
nerveuse	5
nette	5
neuve	5
nouvel	5
paresseuse	5
plats	5
prête	5
proche	5
pur	5
raisonnable	5
rauque	5
riant	5
riches	5
rond	5
saignantes	5
saine	5
sainte	5
sec	5
sèches	5
serrés	5
sonores	5
sourd	5
verdâtres	5
verts	5
abominable	4
adorables	4
aigres	4
aimable	4
aînée	4
ardente	4
ardentes	4
atroce	4
bêta	4
brune	4
brutal	4
carrée	4
cassées	4
chauve	4
colossales	4
commune	4
content	4
continuel	4
continuelle	4
continuels	4
débordantes	4
délicate	4
déserte	4
discret	4
dolente	4
entiers	4
épaisses	4
étranges	4
extrême	4
fixe	4
gentille	4
gigantesque	4
graves	4
grisâtres	4
grossier	4
hauts	4
immenses	4
inquiet	4
inquiétante	4
inquiète	4
jolis	4
laiteux	4
lamentable	4
légère	4
lent	4
libres	4
louche	4
lourde	4
luisants	4
lumineux	4
monstrueux	4
mortelle	4
mortes	4
moyen	4
nauséabonde	4
nulle	4
oblique	4
ordinaire	4
pâles	4
pénétrante	4
pestilentielle	4
présent	4
prêt	4
puissante	4
rapides	4
rare	4
rares	4
regardant	4
régulières	4
rougeâtre	4
sacré	4
secrète	4
semblables	4
serré	4
seules	4
silencieuse	4
sonore	4
sûre	4
symétriques	4
tendu	4
timide	4
tranquilles	4
verte	4
vilaines	4
affreux	3
aigre	3
aigu	3
aise	3
amer	3
amoureux	3
anonymes	3
anticonstitutionnel	3
antique	3
ardent	3
barbare	3
basses	3
bavard	3
bêtes	3
blanchâtres	3
brûlantes	3
cassée	3
causant	3
charitable	3
charmant	3
châtains	3
chauds	3
clairs	3
colossal	3
complet	3
complète	3
confortable	3
contente	3
continue	3
correcte	3
couchant	3
coupable	3
court	3
courte	3
cuite	3
délicat	3
délicates	3
délicats	3
délicieuse	3
dernières	3
désespéré	3
dévote	3
différentes	3
difficile	3
discrète	3
douces	3
drôles	3
effrontée	3
égal	3
enfantine	3
étranger	3
fâché	3
facile	3
ferme	3
formidables	3
fraîches	3
frisés	3
frissonnant	3
fruitiers	3
gai	3
gâtée	3
gâtées	3
habile	3
hollandaise	3
horribles	3
humble	3
humides	3
implacable	3
infernale	3
infini	3
innocent	3
inquiets	3
insupportable	3
intolérable	3
ivre	3
légères	3
légers	3
limpides	3
liquide	3
Logre	3
lointain	3
lointaine	3
lourd	3
marron	3
matinal	3
matinale	3
médiocre	3
meilleure	3
meilleurs	3
méprisante	3
métalliques	3
misérable	3
misérables	3
mollets	3
mouillés	3
nauséabond	3
nerveuses	3
net	3
neuves	3
noueux	3
nouveaux	3
officielle	3
originale	3
paisibles	3
pareille	3
pensif	3
plate	3
pointue	3
pointues	3
prodigieuses	3
profond	3
profonde	3
profondes	3
prompt	3
puissant	3
raide	3
régulière	3
roides	3
sages	3
sévères	3
simple	3
simples	3
singulière	3
solides	3
souple	3
souriant	3
suprême	3
suspectes	3
suspects	3
tombantes	3
transparente	3
transparentes	3
trapues	3
vagues	3
vastes	3
Vauvilliers	3
vernies	3
veuve	3
vifs	3
violettes	3
volantes	3
Vrai	3
*	2
absent	2
absolues	2
âcre	2
administratif	2
affreuses	2
aigus	2
allongés	2
amère	2
amicale	2
amoureuse	2
amusant	2
anciens	2
angélique	2
âpre	2
a-t	2
atroces	2
avantageux	2
avare	2
ballants	2
barbue	2
bavarde	2
béat	2
béate	2
bouillante	2
bourdonnante	2
bourdonnantes	2
bourgeoise	2
boutiquier	2
brûlant	2
brutale	2
caressante	2
centrale	2
chagrin	2
chagrine	2
changeante	2
charnue	2
chatouillantes	2
chers	2
comique	2
commerciale	2
communes	2
compliquées	2
compromettante	2
confuse	2
confuses	2
considérable	2
continues	2
continus	2
convenable	2
coquette	2
crépus	2
crevées	2
croissante	2
cruelle	2
cruelles	2
crues	2
cuit	2
curieux	2
débraillé	2
défiant	2
définitive	2
dépolies	2
dérobée	2
désertes	2
déserts	2
désespérées	2
dévotes	2
distincts	2
diverses	2
doré	2
dramatique	2
droites	2
dure	2
éblouissant	2
écarlate	2
éclatantes	2
éclatants	2
écossaise	2
effronté	2
égale	2
électronique	2
ennemi	2
envieux	2
épouvantable	2
étonnant	2
étonnés	2
étouffés	2
excellent	2
excessive	2
exigeante	2
exquis	2
extraordinaires	2
fameuse	2
fameux	2
fantasque	2
fauve	2
fendue	2
fermé	2
fermées	2
féroces	2
fichue	2
fier	2
fière	2
fiers	2
fins	2
flambante	2
fluette	2
flûtée	2
folles	2
fondante	2
forains	2
forts	2
fou	2
fourrées	2
franc	2
frémissante	2
frileux	2
frissonnante	2
froids	2
fumantes	2
furibonds	2
furtif	2
gaillard	2
gaillarde	2
galonnée	2
générale	2
gentil	2
géométriques	2
glaciale	2
glauques	2
heureuses	2
honteuse	2
honteux	2
humain	2
humaine	2
humanitaire	2
humanitaires	2
immobile	2
inavouables	2
inconnue	2
infecte	2
infectes	2
innocents	2
inquiétant	2
inquiétantes	2
inquiètes	2
insolente	2
insouciant	2
intérieur	2
intérieures	2
intimes	2
intolérables	2
ivres	2
ivrogne	2
jalouse	2
jaunâtre	2
joyeuse	2
justicier	2
laid	2
laiteuses	2
latéral	2
latérales	2
Latin	2
lavées	2
lentes	2
lents	2
liberticide	2
lisses	2
lointains	2
lumineuse	2
magnifique	2
magnifiques	2
mal	2
maladive	2
malheureuse	2
malheureuses	2
malhonnête	2
marines	2
maternelle	2
maussade	2
mécanique	2
méchantes	2
mécontent	2
meilleures	2
menaçant	2
merveilleuse	2
moite	2
montante	2
morales	2
mouillé	2
municipales	2
mûre	2
mystérieuse	2
naissante	2
naïve	2
naturel	2
naturelle	2
nécessaires	2
numérique	2
ordinaires	2
original	2
ouvert	2
ouvertes	2
ovales	2
paisible	2
panées	2
parisienne	2
particulier	2
paysanne	2
pendantes	2
pénibles	2
percées	2
piqué	2
pitoyable	2
poissard	2
populeux	2
portante	2
potelées	2
précis	2
pressés	2
prêtes	2
prochaine	2
prodigieuse	2
prodigieux	2
profonds	2
prudent	2
puantes	2
puérile	2
p’tits	2
quelconque	2
rapide	2
rasé	2
renversée	2
ridicule	2
robuste	2
roide	2
ronds	2
Rose	2
roulée	2
roussâtre	2
rousse	2
ruisselantes	2
sacrées	2
sacrés	2
Saget	2
saignante	2
saines	2
Saint	2
sale	2
salé	2
salée	2
sanguinolente	2
saurs	2
sensuelles	2
serrées	2
silencieux	2
singulier	2
social	2
sociales	2
songeur	2
songeuse	2
soupçonneux	2
soupiraux	2
sourds	2
sournoise	2
souterraine	2
splendide	2
stupide	2
subits	2
surchauffé	2
surhumaine	2
surprenant	2
surprenante	2
tièdes	2
tombée	2
tordue	2
tremblante	2
très-aimable	2
triomphante	2
tumultueuse	2
usées	2
vaillante	2
ventru	2
vertes	2
vierge	2
vigoureux	2
vilain	2
violâtres	2
violent	2
violentes	2
violets	2
vivants	2
voisine	2
volante	2
vraie	2
abominables	1
abondantes	1
aboyante	1
absolu	1
absolue	1
acceptables	1
accidentée	1
âcres	1
admirables	1
adoptive	1
aériens	1
affable	1
âgée	1
aigrelette	1
aisée	1
alcaline	1
alcalines	1
allongées	1
ambitieux	1
amères	1
amers	1
amical	1
amie	1
amis	1
amusante	1
angles	1
anguleuse	1
animal	1
antiques	1
apoplectiques	1
appétissante	1
appréciables	1
approximatives	1
âpres	1
aride	1
armées	1
aromatique	1
aromatiques	1
artificielles	1
artistique	1
artistiques	1
assourdissants	1
attentif	1
attentifs	1
attentive	1
autoritaire	1
avachie	1
avachies	1
avantageuse	1
avant-dernière	1
aventureuse	1
babylone	1
ballantes	1
balsamique	1
barbares	1
barbu	1
bâtarde	1
battantes	1
béante	1
béants	1
béates	1
bénite	1
Bêta	1
bien	1
bizarres	1
blafard	1
blafards	1
blanchâtre	1
blêmes	1
bleuâtres	1
blond	1
bonapartiste	1
borgne	1
bossu	1
boucher	1
bouclé	1
boueuses	1
boulangère	1
bourdonnant	1
bourgeois	1
bourgeoises	1
boutiquière	1
branlante	1
branlantes	1
bref	1
brillants	1
bronzés	1
brunes	1
bruns	1
brute	1
bruyantes	1
cadavéreux	1
caillé	1
câline	1
calmes	1
canailles	1
candi	1
capables	1
caractéristique	1
carré	1
carrées	1
cassant	1
cassés	1
cavalier	1
cavalière	1
centième	1
central	1
cérébrale	1
certaine	1
certains	1
champêtre	1
chanceuses	1
changeant	1
chantante	1
charbonneuse	1
charmants	1
charnelle	1
charnu	1
charnues	1
chatouilleuse	1
chinoises	1
chipeuses	1
chlorotiques	1
circulaires	1
classiques	1
cloisonnés	1
cocu	1
coléreuses	1
collant	1
comble	1
comestibles	1
commode	1
commun	1
communiste	1
compacts	1
complices	1
compliqués	1
compromettant	1
compromettantes	1
conservateurs	1
considérables	1
continuelles	1
contradictoires	1
convalescents	1
convenables	1
convenue	1
coquettes	1
Coquillière	1
coquine	1
corail	1
cordial	1
couperosées	1
courante	1
courantes	1
courts	1
crâne	1
crayeux	1
crémeux	1
crépue	1
crêpues	1
crépusculaire	1
crevé	1
crevée	1
crevés	1
criant	1
croisées	1
croisés	1
croyable	1
croyables	1
crue	1
cruels	1
cuites	1
curieuse	1
curieuses	1
dangereuses	1
dansante	1
dansantes	1
débordante	1
débordants	1
décente	1
décisif	1
décisive	1
découvertes	1
décrépite	1
dédaigneuses	1
défensive	1
défunt	1
dégoûtant	1
déguenillée	1
déguenillés	1
déliés	1
délurée	1
délurées	1
démagogique	1
demi-circulaire	1
demi-clos	1
dépoli	1
désagréable	1
désert	1
désespérée	1
désespérés	1
déshonorantes	1
désintéressé	1
désireux	1
désordonnée	1
désossés	1
dévot	1
différent	1
différents	1
difficiles	1
discrètes	1
discrets	1
disparate	1
distinctes	1
distingué	1
divers	1
dixième	1
docile	1
dodue	1
domiciliaire	1
dorés	1
dormante	1
dormantes	1
doubles	1
douceâtre	1
doucereuse	1
doucereux	1
douloureuses	1
douteuses	1
douteux	1
dramatiques	1
droit	1
drue	1
éblouissantes	1
ébouriffé	1
ébouriffée	1
ébouriffés	1
écœurante	1
écrasante	1
écrasée	1
écrasées	1
effaré	1
effarées	1
effarés	1
effroyable	1
égoïste	1
élégantes	1
embarrassant	1
empâtés	1
ému	1
émue	1
endoloris	1
enflés	1
ennuyeux	1
ensoleillée	1
ensommeillée	1
entrant	1
entripaillé	1
enveloppant	1
envieuse	1
environnant	1
épineuses	1
éploré	1
épouvantables	1
étalées	1
éternelles	1
étoilé	1
étonnante	1
étonnantes	1
étouffant	1
étrangères	1
étudiées	1
évadé	1
évident	1
exacte	1
exagérée	1
exaspérant	1
excellente	1
excellentes	1
exemplaire	1
expérimental	1
explicable	1
exquises	1
extérieurs	1
extravagants	1
fâchée	1
fâcheuse	1
fâcheuses	1
faciles	1
fait	1
familières	1
familiers	1
fangeux	1
fausse	1
fauves	1
favori	1
favoris	1
féerique	1
femelles	1
fendues	1
fermes	1
ferrée	1
feu	1
fichu	1
Fichue	1
fiévreuse	1
final	1
fini	1
finie	1
flamandes	1
flambantes	1
flamboyants	1
flatteur	1
flexibles	1
florentin	1
flottante	1
fluide	1
fluviale	1
fondantes	1
fondu	1
fourrée	1
fous	1
fragile	1
fraternel	1
frêle	1
frétillant	1
frétillante	1
frisottants	1
frissonnantes	1
fumante	1
fumés	1
fumeuse	1
furibond	1
furibondes	1
futée	1
futur	1
futurs	1
fuyantes	1
G	1
gaie	1
gaies	1
gamin	1
gamine	1
geignant	1
gêné	1
général	1
germaine	1
glacé	1
glacée	1
glacées	1
glacés	1
glacial	1
glauque	1
gloutonnes	1
gluantes	1
godiche	1
goguenard	1
goguenards	1
gonflé	1
gonflée	1
gonflés	1
gouailleurs	1
gourmand	1
gourmande	1
gourmandes	1
graisseuse	1
Grand	1
grandissant	1
grand’peine	1
graveleuses	1
grecques	1
grelottante	1
grisâtre	1
grondeuse	1
grossière	1
grossières	1
gueuse	1
habiles	1
habituée	1
habitués	1
haletant	1
harassés	1
hardi	1
hardie	1
hautaine	1
hébertiste	1
hébétée	1
hérissé	1
hésitante	1
hindoue	1
honorable	1
horrible	1
hostile	1
hostiles	1
humbles	1
Hutin	1
hypocrite	1
hypocrites	1
idéale	1
idiot	1
idyllique	1
ignorant	1
imaginaires	1
immédiat	1
immédiate	1
immérité	1
imméritées	1
immobiles	1
immodérée	1
immonde	1
immondes	1
impassible	1
imperceptibles	1
impériale	1
impérieux	1
impitoyable	1
implacables	1
impopulaire	1
important	1
importun	1
impossibles	1
imprévu	1
imprévue	1
imprévues	1
imprudent	1
impudentes	1
impuissant	1
impuissante	1
inaltérable	1
inassouvis	1
inavouée	1
incalculable	1
incandescents	1
incessant	1
incessantes	1
inclinés	1
inconnues	1
incontestée	1
inconvenant	1
indécente	1
indéchiffrables	1
indécise	1
indéfinies	1
indifférente	1
indignée	1
indiscret	1
indiscutables	1
inepte	1
inépuisable	1
inerte	1
inespéré	1
inestimable	1
infâme	1
infâmes	1
infects	1
infranchissables	1
inintelligible	1
innocente	1
inouïes	1
inquiétants	1
insolent	1
insouciants	1
instants	1
insultante	1
insultantes	1
insurrectionnel	1
insurrectionnelle	1
insurrectionnelles	1
intarissable	1
intelligente	1
intense	1
intenses	1
interdites	1
intéressant	1
intérieure	1
intérieurs	1
intérimaire	1
interminable	1
intime	1
invisibles	1
irisée	1
ironique	1
irrésistible	1
irritant	1
irritante	1
irritantes	1
irritées	1
issu	1
ivrognes	1
jalouses	1
jaloux	1
jardinier	1
joufflus	1
joyeux	1
jubilant	1
julienne	1
laborieux	1
Lâche	1
laides	1
laineuse	1
lamées	1
lamentables	1
larmoyante	1
lasses	1
latéraux	1
lavée	1
légendaires	1
levant	1
liquoreuse	1
liquoreuses	1
logique	1
lointaines	1
lourdes	1
lourds	1
lucratifs	1
luisantes	1
luxueuses	1
maçonnique	1
maçonniques	1
magistral	1
magistrale	1
malades	1
maladif	1
maladroite	1
malapprise	1
malencontreuse	1
Malheureux	1
malignes	1
malin	1
malingres	1
malsaine	1
manche	1
manches	1
manuscrits	1
marchand	1
marchandes	1
marine	1
massif	1
mat	1
matérialiste	1
matériel	1
maternels	1
mates	1
matinales	1
maudite	1
mécontente	1
méfiante	1
méfiants	1
menaçante	1
mensuels	1
menu	1
méprisable	1
méridionales	1
mesquine	1
métallique	1
méthodique	1
minutieuses	1
minutieux	1
miraculeuses	1
mobile	1
mobilier	1
modernes	1
moelleuse	1
moelleux	1
moirée	1
moirés	1
monotone	1
monstre	1
moral	1
morne	1
morts	1
mou	1
mouchetées	1
mouillées	1
mous	1
moutonnantes	1
moutonnants	1
mouvante	1
mouvantes	1
moyenne	1
muche	1
muets	1
multilingue	1
mûr	1
mûres	1
murmurant	1
muscade	1
musicale	1
musquée	1
mystérieuses	1
mystérieux	1
mystique	1
naïfs	1
naissants	1
nets	1
niaises	1
noirâtre	1
noirâtres	1
nombreuse	1
nonchalante	1
noueuses	1
nourries	1
nourrissants	1
noyé	1
obéissante	1
obscur	1
obscurs	1
odorant	1
odorante	1
odorants	1
officinales	1
oisif	1
opiniâtre	1
opposante	1
orageuses	1
orangés	1
ordurier	1
ordurières	1
orduriers	1
osseux	1
ouverts	1
ovale	1
panée	1
parallèles	1
paresseux	1
parfaite	1
parisien	1
pâteuse	1
patiente	1
patronymiques	1
peignée	1
pénible	1
pensive	1
percés	1
perdu	1
perdue	1
perdus	1
périlleuse	1
perlé	1
perlées	1
perlés	1
perpétuel	1
perplexe	1
persistant	1
personnel	1
personnelle	1
perverse	1
peureux	1
phosphorescent	1
pierreux	1
pittoresque	1
placide	1
plaintif	1
plates	1
pleurardes	1
plissés	1
pluvieuses	1
pointu	1
pointus	1
poissante	1
poitrinaire	1
poitrinaires	1
populacière	1
populaire	1
portantes	1
portants	1
positifs	1
possibles	1
potelés	1
pourri	1
pourries	1
pourvu	1
poussiéreuses	1
poussiéreux	1
précédente	1
précieuses	1
précises	1
précoce	1
préoccupé	1
présentable	1
pressant	1
prêts	1
prévenus	1
princières	1
printanier	1
prochain	1
proches	1
professorale	1
prolongés	1
proprets	1
proverbiale	1
provinciale	1
prudente	1
puante	1
puants	1
public	1
publique	1
puériles	1
puissantes	1
pures	1
quotidienne	1
raides	1
ramassée	1
rangée	1
râpé	1
rase	1
rasée	1
rassurant	1
rassurantes	1
ravi	1
ravie	1
rayonnantes	1
reconnaissante	1
réels	1
réglée	1
réglementaire	1
régulier	1
relevées	1
religieuses	1
religieux	1
renfermé	1
renommées	1
renversé	1
renversées	1
renversés	1
Reptilien	1
républicain	1
républicaine	1
respectueux	1
retentissant	1
rétréci	1
retroussée	1
rêvée	1
rêveuse	1
révoltante	1
révolutionnaires	1
riantes	1
ricanant	1
ridées	1
rieuse	1
rieuses	1
romaines	1
roman	1
romantiques	1
rongée	1
rosée	1
rosées	1
roucoulants	1
rougeaude	1
rougissantes	1
roulant	1
roulante	1
roulants	1
roulées	1
rousses	1
routier	1
roux	1
royaux	1
ruisselante	1
rusé	1
sacrée	1
saignant	1
saillante	1
saillants	1
sain	1
Saint-Dominique	1
Sainte	1
Sainte-Opportune	1
salopes	1
sanglantes	1
sanglotant	1
sanglottante	1
sanguines	1
satisfaite	1
saur	1
sauvages	1
savant	1
savantes	1
scabreux	1
scandaleuses	1
scandaleux	1
scientifique	1
scintillantes	1
séché	1
sèche	1
secret	1
secrets	1
séculaire	1
sédentaire	1
semblable	1
sensuelle	1
sifflante	1
significatif	1
silencieuses	1
socialiste	1
sociaux	1
soignée	1
solennel	1
sonnant	1
sonnantes	1
sordide	1
sotte	1
soucieuse	1
soudaine	1
souffrant	1
souffrante	1
souffrantes	1
souples	1
souriantes	1
souterrain	1
soyeuse	1
soyeuses	1
spirituelle	1
stériles	1
strict	1
stricte	1
stupéfaite	1
suantes	1
sublimes	1
sucrant	1
suffisante	1
suffocante	1
suffocantes	1
suffoquant	1
suivant	1
suivante	1
suivants	1
sujet	1
supérieur	1
supérieures	1
supérieurs	1
surpris	1
sûrs	1
suspecte	1
systématique	1
tacite	1
tapant	1
tapées	1
taquine	1
tassées	1
tenace	1
tendue	1
tendues	1
terne	1
ternes	1
terreuse	1
théorique	1
titulaire	1
tombant	1
total	1
touffu	1
tournant	1
tournante	1
tournantes	1
tourné	1
tournées	1
toussant	1
tragique	1
traînante	1
traînantes	1
tranchants	1
transparent	1
transversales	1
trapu	1
tremblantes	1
trempées	1
très-amicale	1
très-attentive	1
très-capables	1
très-honnête	1
très-malheureux	1
très-rigide	1
triomphal	1
triomphant	1
triple	1
tristes	1
trouble	1
troublée	1
troubles	1
trouée	1
troués	1
turbulent	1
uniforme	1
uniformes	1
unique	1
universelle	1
ustensiles	1
utile	1
vaines	1
Valérien	1
vaseuses	1
vaseux	1
vénitien	1
vénitiennes	1
ventrue	1
ventrues	1
ventrus	1
véreuses	1
Verlaque	1
verni	1
vernie	1
viagère	1
vibrantes	1
victorieuse	1
vidé	1
vieil	1
vigoureuse	1
vigoureuses	1
vilaine	1
vilains	1
violente	1
violents	1
violette	1
virginale	1
voisin	1
voisins	1
volants	1
voleurs	1
voyante	1
↑	1
