word	F
rue	267
air	154
milieu	153
homme	151
madame	150
monsieur	142
tête	140
femme	133
yeux	131
soir	128
jour	123
voix	115
fond	110
face	108
bout	101
côté	97
mère	96
Normande	95
main	90
pas	90
mains	89
boutique	87
charcuterie	84
fille	84
bras	83
heures	81
matin	81
argent	79
fois	78
quartier	77
mademoiselle	76
Sarriette	76
coup	74
porte	74
chambre	71
heure	71
épaules	69
femmes	69
coin	67
francs	67
enfant	66
table	66
ans	65
lit	65
tas	64
trottoir	64
eau	63
odeur	63
terre	62
soleil	61
monde	60
pavillon	60
hommes	58
jours	58
nuit	58
peur	58
histoire	56
légumes	56
choses	55
comptoir	54
place	54
doigts	51
façon	51
gens	51
long	51
vie	51
silence	50
frère	49
instant	49
garçon	48
cabinet	47
sang	47
charcutière	46
cheveux	46
maison	46
pieds	46
chose	44
cuisine	44
paniers	44
police	44
ventre	44
cou	42
marée	42
rues	42
temps	42
banc	41
coups	40
cousin	39
étalage	39
jupes	39
gaz	38
lèvres	38
choux	37
feuilles	37
idée	37
peine	37
tablier	37
ville	37
volailles	37
mois	36
nez	36
or	36
sourire	36
mari	35
ombre	35
bruit	34
fin	34
fruits	34
lendemain	34
marchand	34
oncle	34
Rambuteau	34
cave	33
dos	33
marché	33
poissons	33
rire	33
Robine	33
après-midi	32
besoin	32
papier	32
peau	32
beurre	31
gorge	31
joie	31
pointe	31
boudin	30
inspecteur	30
œil	30
pièce	30
bois	29
bord	29
carreau	29
chair	29
messieurs	29
bêtes	28
fenêtre	28
têtes	28
abord	27
bouche	27
politique	27
tante	27
tour	27
visage	27
voiture	27
carottes	26
ciel	26
doute	26
larmes	26
marbre	26
part	26
robe	26
ami	25
beau-frère	25
fait	25
mot	25
bouquets	24
colère	24
faim	24
graisse	24
histoires	24
maisons	24
marchandes	24
oreilles	24
poissonnière	24
suite	24
un	24
aise	23
enfants	23
figure	23
jambes	23
mots	23
navets	23
personne	23
poisson	23
poissonnerie	23
sorte	23
travers	23
voitures	23
bouts	22
fleurs	22
journée	22
menton	22
odeurs	22
paix	22
pied	22
vin	22
bancs	21
chaussée	21
dame	21
droite	21
fonte	21
mine	21
Monsieur	21
pavillons	21
Pirouette	21
pommes	21
vérité	21
allée	20
chapeau	20
dents	20
douceur	20
filles	20
fromages	20
mort	20
nourriture	20
pain	20
panier	20
pièces	20
vente	20
viandes	20
vieille	20
bête	19
commissaire	19
fer	19
feu	19
héritage	19
lumière	19
papiers	19
paroles	19
poissonnières	19
tables	19
viande	19
affaire	18
Cayenne	18
cœur	18
dîner	18
marchande	18
nom	18
ordinaire	18
paquets	18
regard	18
rien	18
sou	18
trous	18
veille	18
vent	18
bandes	17
chaise	17
chaises	17
chaleur	17
coins	17
corps	17
demoiselle	17
escalier	17
Est	17
flot	17
force	17
glace	17
gouvernement	17
joues	17
parole	17
plaisir	17
plat	17
poches	17
poitrine	17
question	17
sous	17
trottoirs	17
ventres	17
amitié	16
bottes	16
bureau	16
caisses	16
cents	16
côte	16
foule	16
frisson	16
genoux	16
lettres	16
mal	16
maraîchère	16
mer	16
nuits	16
pavé	16
poings	16
préfecture	16
soie	16
toits	16
tort	16
trou	16
armoire	15
Balthazar	15
bas	15
courant	15
effet	15
grâce	15
honnêteté	15
idées	15
linge	15
métal	15
moment	15
notes	15
peintre	15
pigeons	15
plumes	15
poche	15
poing	15
point	15
poussière	15
regards	15
sergents	15
taches	15
volaille	15
allées	14
Augustine	14
becs	14
beurres	14
blancheur	14
cloison	14
couteau	14
déjeuner	14
droit	14
écriture	14
étage	14
file	14
geste	14
grilles	14
gris	14
lieu	14
os	14
paille	14
pattes	14
pays	14
pensée	14
peuple	14
phrase	14
pierre	14
plats	14
queue	14
roues	14
santé	14
travail	14
velours	14
verre	14
vêtements	14
affaires	13
arbres	13
bande	13
clarté	13
cochon	13
commerce	13
conscience	13
côtés	13
couleur	13
doigt	13
empereur	13
flammes	13
fraîcheur	13
haleine	13
honte	13
humidité	13
journées	13
langue	13
livre	13
lueur	13
marchandise	13
marchands	13
mariage	13
matinée	13
ménage	13
Mouton	13
mouvement	13
pierres	13
pluie	13
querelle	13
raison	13
seuil	13
souliers	13
taille	13
ténèbres	13
toitures	13
zinc	13
âge	12
boîtes	12
bonheur	12
bougie	12
boutiques	12
chemise	12
cinquante	12
corsage	12
criée	12
cuivre	12
détails	12
Dieu	12
envie	12
esprit	12
filet	12
flamme	12
glaces	12
groupe	12
horizon	12
ligne	12
mannes	12
morceau	12
ordures	12
petite	12
professeur	12
Quenu	12
rage	12
raies	12
respect	12
rideaux	12
saindoux	12
saucisses	12
semaine	12
somme	12
sommeil	12
souffle	12
sucre	12
tapage	12
tendresse	12
ton	12
tout	12
Tuileries	12
bataille	11
bec	11
boîte	11
branches	11
caisse	11
campagne	11
châle	11
charcutier	11
cheminée	11
chêne	11
compte	11
cour	11
curiosité	11
diable	11
estomac	11
étages	11
fenêtres	11
fièvre	11
gueux	11
langues	11
lard	11
maigre	11
maman	11
manche	11
marmite	11
masse	11
mousse	11
murs	11
noir	11
osier	11
paletot	11
pâté	11
persiennes	11
planche	11
plaques	11
portes	11
pot	11
prix	11
resserre	11
rêve	11
sacs	11
salades	11
salle	11
sœur	11
soirées	11
square	11
tiroir	11
toile	11
tons	11
triomphe	11
admiration	10
agents	10
année	10
arrivée	10
bossu	10
boue	10
bruits	10
café	10
carpes	10
caves	10
chairs	10
clef	10
conversation	10
eaux	10
église	10
endroit	10
étoiles	10
fiacre	10
files	10
fortune	10
fourneau	10
gaieté	10
harengs	10
hiver	10
Innocents	10
Maigres	10
manches	10
marmites	10
mesure	10
minutes	10
nappes	10
ordre	10
oreille	10
paquet	10
porteurs	10
projet	10
propreté	10
réveil	10
rires	10
roses	10
sable	10
secrétaire	10
société	10
souffles	10
tendresses	10
terrines	10
verdure	10
vue	10
abbé	9
amis	9
amour	9
an	9
années	9
arbre	9
assiette	9
assiettes	9
attitude	9
bien	9
cause	9
chapelle	9
côtelettes	9
émotion	9
époque	9
étalages	9
exemple	9
famille	9
gorges	9
grosse	9
humeur	9
indigestion	9
jaune	9
leçons	9
linges	9
Maigre	9
marbres	9
meubles	9
mur	9
nièce	9
nu	9
nus	9
ombres	9
page	9
parfum	9
partie	9
photographie	9
pistolet	9
poignée	9
poignets	9
poste	9
questions	9
rancune	9
redingote	9
sac	9
saucisse	9
tabliers	9
terrasse	9
tranches	9
triperie	9
une	9
vacarme	9
verres	9
vitres	9
âme	8
anguilles	8
art	8
avenue	8
bagne	8
banquette	8
barbe	8
barbue	8
barres	8
belle-sœur	8
besogne	8
bleu	8
bocaux	8
buée	8
camions	8
canne	8
chant	8
charge	8
chef	8
chope	8
colonnes	8
compagnon	8
couleurs	8
course	8
cri	8
demi	8
dentelle	8
discussions	8
empire	8
étoffe	8
étonnement	8
étuve	8
éventaire	8
extase	8
feuille	8
flancs	8
fleur	8
fontaines	8
fumet	8
fumier	8
gamin	8
gamins	8
garçons	8
gelée	8
gendarmes	8
goût	8
goutte	8
habitude	8
hauteur	8
honneur	8
imbécile	8
jouissance	8
leçon	8
maladie	8
malheureux	8
matins	8
membres	8
merci	8
mines	8
moitié	8
nappe	8
occasion	8
œufs	8
oies	8
ouvrier	8
pantalon	8
pâte	8
paupières	8
personnes	8
plan	8
planches	8
poires	8
potager	8
pots	8
prunes	8
quart	8
religion	8
réponse	8
resserres	8
retour	8
rose	8
route	8
saucissons	8
soirée	8
soles	8
sortes	8
tableau	8
toilette	8
tombereaux	8
torchon	8
vapeur	8
veau	8
violettes	8
viviers	8
voie	8
voisine	8
abattage	7
ailes	7
allusion	7
amie	7
amoureux	7
angoisse	7
arrivage	7
attaque	7
attention	7
avant	7
barre	7
bêtises	7
bijoux	7
blancheurs	7
bords	7
boucles	7
boulevard	7
bouquet	7
bouteilles	7
cabas	7
carreaux	7
casquette	7
ceinture	7
cerises	7
cesse	7
chat	7
chemin	7
cochons	7
cornichons	7
creux	7
criées	7
cristal	7
cuiller	7
dames	7
danger	7
départ	7
dinde	7
drame	7
duvet	7
échine	7
épaule	7
étagères	7
être	7
fil	7
filets	7
foie	7
fromage	7
front	7
fumée	7
gauche	7
gouttes	7
graisses	7
grenadier	7
grille	7
groupes	7
gueuse	7
guidons	7
haleines	7
Halle	7
herbe	7
herbes	7
horreur	7
inquiétude	7
inquiétudes	7
intérêt	7
jambon	7
lignes	7
livres	7
loi	7
lutte	7
machine	7
maigreur	7
malaise	7
mansarde	7
maraîchers	7
marche	7
métier	7
minuit	7
mirabelles	7
montagnes	7
moyens	7
nœud	7
nuque	7
œuvre	7
oie	7
oreiller	7
pauvre	7
pavés	7
père	7
places	7
poêle	7
pont	7
porc	7
porcelaine	7
prétexte	7
prison	7
profil	7
queues	7
raie	7
rampe	7
ras	7
rayons	7
reflet	7
roulement	7
ruissellement	7
saumons	7
semaines	7
senteur	7
signe	7
soin	7
soirs	7
souffrances	7
soupe	7
succès	7
talons	7
verdures	7
vieux	7
visite	7
voisines	7
voûte	7
voyant	7
agonie	6
alcôve	6
andouilles	6
appointements	6
ardeurs	6
armes	6
aventure	6
avis	6
baisers	6
barricade	6
bien-être	6
bloc	6
blouses	6
bonhomme	6
bonnet	6
bosse	6
botte	6
boulangerie	6
bourgeois	6
bourriches	6
bouteille	6
boutons	6
boyau	6
brins	6
but	6
cahiers	6
caractère	6
carrure	6
cartouches	6
casseroles	6
charbon	6
chevaux	6
chiffon	6
chiffres	6
clients	6
clou	6
colosse	6
compagnie	6
complot	6
congé	6
conseils	6
contraire	6
corbeilles	6
corset	6
Cossonnerie	6
couche	6
coude	6
coudes	6
crépuscule	6
crieur	6
cris	6
dédain	6
diables	6
digestion	6
dossier	6
écharpes	6
édredon	6
effort	6
emploi	6
employé	6
employés	6
envies	6
escargots	6
exil	6
explication	6
façades	6
faces	6
faute	6
figures	6
fils	6
fontaine	6
fouet	6
frères	6
géant	6
gibier	6
gredins	6
grog	6
gros	6
haine	6
hanches	6
île	6
image	6
impatience	6
jambons	6
jardin	6
jeunesse	6
journal	6
lac	6
lacs	6
lampe	6
lanternes	6
lapins	6
lards	6
logement	6
lots	6
loup	6
lueurs	6
lumières	6
magasins	6
malheur	6
marchés	6
matinées	6
métiers	6
mille	6
modèles	6
moments	6
moue	6
mouton	6
nœuds	6
note	6
nues	6
oiseaux	6
ongles	6
pâleur	6
pâleurs	6
patience	6
patron	6
pêches	6
pelouse	6
pile	6
piliers	6
plafond	6
pluies	6
plume	6
poids	6
poignées	6
pois	6
pomme	6
position	6
poules	6
précautions	6
provisions	6
puanteur	6
punch	6
quartiers	6
radis	6
restaurant	6
revolver	6
rognures	6
rôle	6
ruisseaux	6
salé	6
saletés	6
sardines	6
secret	6
sections	6
service	6
soins	6
soldats	6
souffrance	6
source	6
souvenir	6
sujet	6
tache	6
tapis	6
théâtre	6
train	6
tranche	6
très-bien	6
très-douce	6
très-doux	6
trésor	6
très-rouge	6
tristesse	6
truffes	6
veines	6
vert	6
voisin	6
vol	6
aiguilles	5
amant	5
amours	5
anguille	5
animal	5
âpreté	5
arguments	5
bassin	5
bateau	5
béatitude	5
blé	5
bleuissement	5
blouse	5
bonne	5
bonsoir	5
bottines	5
boudins	5
bougeoir	5
broches	5
brune	5
brute	5
bureaux	5
cadre	5
calculs	5
calotte	5
camarade	5
canaille	5
cancans	5
caresse	5
carrefour	5
carrés	5
cas	5
cassis	5
chagrin	5
chaîne	5
charretiers	5
chère	5
chien	5
chiens	5
chiffre	5
chignon	5
citrons	5
clientèle	5
cœurs	5
comble	5
comptes	5
conduite	5
confiance	5
conseil	5
coq	5
cornets	5
Corps	5
coucher	5
couvercle	5
couverture	5
crevettes	5
cuir	5
cuisses	5
dalles	5
décembre	5
dehors	5
demi-heure	5
derrière	5
dessert	5
devoirs	5
disposition	5
distance	5
douceurs	5
éclaboussures	5
enchères	5
entassements	5
épinards	5
établissement	5
facteurs	5
fadeur	5
fatigue	5
fauteuil	5
fichu	5
fierté	5
flânerie	5
foi	5
four	5
fraises	5
fumées	5
fusil	5
garde	5
gâteaux	5
gilet	5
grains	5
grand’chose	5
gredin	5
grimace	5
grouillement	5
guerre	5
guides	5
guirlandes	5
hostilité	5
incendie	5
instruction	5
intérieur	5
joies	5
jouissances	5
juge	5
jus	5
justice	5
lâcheté	5
largeur	5
limandes	5
Logre	5
mâchoires	5
maquereaux	5
marches	5
méchanceté	5
méfiance	5
mémoire	5
merveille	5
millions	5
misère	5
morceaux	5
morte	5
murmure	5
nausées	5
neige	5
nombre	5
noms	5
nue	5
oignon	5
opinion	5
ouvriers	5
pages	5
pains	5
patte	5
peinture	5
personnel	5
pinson	5
pitié	5
portraits	5
prisonniers	5
profils	5
profondeurs	5
propos	5
puanteurs	5
ramiers	5
reste	5
revendeuses	5
rivale	5
robes	5
robinets	5
rondeurs	5
rubans	5
ruelles	5
ruisseau	5
salles	5
saloir	5
satin	5
saucisson	5
savoir	5
seaux	5
sens	5
services	5
situation	5
sortir	5
stores	5
tempes	5
thym	5
tiédeur	5
toit	5
tranquillité	5
très-fort	5
turbot	5
uns	5
violence	5
volets	5
voyage	5
accueil	4
action	4
algues	4
allures	4
alouettes	4
ambition	4
angles	4
argousins	4
armée	4
artichauts	4
autorité	4
avance	4
averse	4
bain	4
balai	4
banlieue	4
Baratte	4
barque	4
bavardages	4
belle	4
berceau	4
besoins	4
bêtise	4
biais	4
bière	4
billard	4
billot	4
biscuits	4
blanche	4
blonde	4
bondon	4
bonnets	4
Bonsoir	4
bouchée	4
bouches	4
bouillon	4
brassards	4
brocs	4
bronze	4
brutes	4
cadeaux	4
cadres	4
cage	4
camarades	4
camisole	4
canon	4
caresses	4
carmin	4
carotte	4
carrefours	4
carton	4
cauchemar	4
céleris	4
centre	4
chanson	4
chapelles	4
charrettes	4
chemins	4
cheval	4
chou	4
chute	4
cire	4
clartés	4
Clef	4
cloche	4
cohue	4
combat	4
commencement	4
commérages	4
commission	4
consommateurs	4
conspiration	4
côtes	4
couperet	4
courses	4
couteaux	4
couvertures	4
crâne	4
crème	4
crise	4
cuillers	4
cul	4
culottes	4
curés	4
dallage	4
dégoût	4
démarche	4
désir	4
dessous	4
détour	4
devoir	4
dévouement	4
dimanche	4
dizaine	4
dorures	4
douleur	4
draps	4
éboulement	4
échines	4
écrasement	4
écrevisses	4
écritures	4
éducation	4
éloges	4
emportements	4
enceinte	4
endroits	4
enfance	4
énormité	4
entassement	4
entrée	4
épiciers	4
espoir	4
état	4
été	4
étude	4
études	4
éveil	4
éventail	4
façade	4
faiblesse	4
faisans	4
farce	4
faubourgs	4
fer-blanc	4
fermeture	4
fête	4
finesse	4
flots	4
foies	4
forçats	4
forces	4
fougère	4
foulard	4
fourche	4
fourchette	4
froid	4
froideur	4
fusils	4
galantine	4
gamine	4
gamme	4
géantes	4
géromé	4
godiveaux	4
gorgée	4
gouttières	4
grain	4
Grande-Truanderie	4
groseilles	4
guimpe	4
guipure	4
habits	4
haies	4
hottes	4
http	4
injures	4
instinct	4
insurrection	4
jalousie	4
jambonneaux	4
jaunes	4
jeu	4
jeux	4
jonc	4
juin	4
jupe	4
lambeaux	4
lapin	4
Lard	4
légèreté	4
licence	4
limbourg	4
limousine	4
liqueur	4
lits	4
livarot	4
logis	4
longueur	4
loques	4
lot	4
luisants	4
lune	4
luxe	4
Macquart	4
madriers	4
magasin	4
manière	4
maniotte	4
mansardes	4
marchandises	4
marmaille	4
marolles	4
mèches	4
Méhudin	4
melchior	4
micmac	4
moi	4
mollesse	4
monnaie	4
monument	4
moules	4
mous	4
moutons	4
nacre	4
nausée	4
neveu	4
notaire	4
nourritures	4
nuage	4
nudité	4
oranges	4
org	4
orgueil	4
ouïes	4
ouverture	4
ouvrage	4
pans	4
parents	4
parfums	4
paroissien	4
passants	4
pâtés	4
peaux	4
pendule	4
pensées	4
perles	4
piles	4
plaisirs	4
plans	4
plénitude	4
pointes	4
poireaux	4
pourpre	4
prêtres	4
projets	4
prospérité	4
raisons	4
râle	4
reflets	4
régal	4
rencontre	4
renseignements	4
rentes	4
repas	4
revers	4
révolution	4
Rien	4
rivalité	4
robinet	4
rogatons	4
rôtisserie	4
rudesse	4
ruelle	4
saisons	4
salaisons	4
saumon	4
saut	4
scène	4
seau	4
sèche	4
secousses	4
seins	4
senteurs	4
serrure	4
sol	4
somnolence	4
songes	4
sort	4
soupiraux	4
souplesse	4
sourcils	4
sueur	4
surprise	4
tabletière	4
tempérament	4
terreau	4
titre	4
toilettes	4
tombereau	4
transparent	4
très-bonne	4
très-calme	4
très-gras	4
très-heureux	4
très-loin	4
très-mal	4
trône	4
trot	4
turbots	4
unes	4
Vallée	4
vengeance	4
victime	4
vierge	4
Vierge	4
vitraux	4
vitrine	4
volée	4
acajou	3
accident	3
achats	3
acte	3
actes	3
adieu	3
administration	3
adresse	3
affection	3
agent	3
aide	3
aiguille	3
aînée	3
airs	3
aisance	3
allure	3
amies	3
angle	3
appétit	3
appétits	3
apprenti	3
approche	3
aquarelle	3
aquarium	3
arcade	3
ardeur	3
armoires	3
arrêt	3
arrivages	3
artiste	3
aube	3
auberge	3
avances	3
avenir	3
avenues	3
bagues	3
baies	3
balancement	3
balances	3
balcon	3
baleines	3
bandeaux	3
bardes	3
barils	3
barricades	3
barrière	3
bassins	3
bâtons	3
beauté	3
bœuf	3
boiseries	3
bonbons	3
bond	3
bonté	3
bordure	3
bosses	3
bouchées	3
boucherie	3
boulevards	3
boutiquier	3
branche	3
brillants	3
brin	3
brochet	3
brochets	3
brouhaha	3
brutalité	3
budget	3
buffet	3
cabine	3
cache-nez	3
cadavre	3
cadeau	3
cadette	3
cadran	3
cailloux	3
calme	3
canailles	3
canard	3
capote	3
carnaval	3
carpe	3
casemate	3
cases	3
casserole	3
cendre	3
cercueil	3
certitude	3
cervelas	3
cervelle	3
chaleurs	3
chambres	3
champs	3
chance	3
Chantemesse	3
chantre	3
chapitre	3
charnier	3
charpente	3
chasse	3
chats	3
chefs	3
chemises	3
cimetière	3
cinquième	3
circonstance	3
circonstances	3
claies	3
clameur	3
classe	3
cliente	3
clignements	3
cloches	3
cochonneries	3
coffres	3
col	3
collet	3
colliers	3
commères	3
commis	3
commode	3
compagnies	3
compliments	3
compteurs-verseurs	3
concierge	3
condamnation	3
confidences	3
congres	3
connaissance	3
connaissances	3
consommateur	3
consommation	3
consommations	3
contes	3
convoi	3
corbeille	3
cornes	3
cornet	3
couchant	3
couleuvres	3
court	3
cous	3
cousine	3
cousins	3
coutume	3
craie	3
crainte	3
crayon	3
crédit	3
crépine	3
crépines	3
cresson	3
croix	3
croquis	3
cruauté	3
délices	3
demi-livre	3
dénoûment	3
dentelles	3
dépenses	3
déportation	3
dernière	3
désespoir	3
dessin	3
dessins	3
deuil	3
devanture	3
Diable	3
dindes	3
dire	3
discours	3
discrétion	3
discussion	3
drap	3
drapeaux	3
droits	3
drôle	3
eau-de-vie	3
eau-forte	3
ébauches	3
ébranlement	3
écailles	3
échalas	3
échelles	3
éclairs	3
économies	3
écus	3
efforts	3
émeute	3
enfer	3
ennemie	3
ensemble	3
enthousiasme	3
épaisseur	3
épanouissement	3
éperlans	3
épouvante	3
estime	3
explosion	3
expression	3
faïence	3
faims	3
fanes	3
feuillages	3
fioles	3
flâneries	3
flûte	3
fonds	3
forçat	3
forêt	3
forme	3
fournisseurs	3
fr	3
fraîche	3
frisons	3
frissons	3
friteur	3
friture	3
frôlement	3
fureur	3
fût	3
Gaîté	3
galeries	3
galopin	3
gants	3
garnement	3
géante	3
gendarme	3
genou	3
gestes	3
gigot	3
gloire	3
gosier	3
goujons	3
grappes	3
guignes	3
hache	3
hachis	3
hachoirs	3
hangar	3
hareng	3
hasard	3
hâte	3
huîtres	3
hure	3
huttes	3
imbéciles	3
impasse	3
inconnu	3
infini	3
innocence	3
innocent	3
irritation	3
ivoire	3
jet	3
jets	3
jeunes	3
joujoux	3
jupon	3
laine	3
lait	3
langoustes	3
lettre	3
liberté	3
lieutenants	3
lièvre	3
lilas	3
Lingerie	3
locataires	3
loin	3
lustres	3
mâchoire	3
magot	3
maître	3
maître-autel	3
maîtresse	3
manger	3
maraude	3
mares	3
marguerites	3
mariée	3
marmotte	3
masses	3
matelas	3
médecin	3
ménagements	3
mépris	3
merlans	3
meuble	3
miettes	3
ministres	3
moires	3
moitiés	3
mottes	3
mouchoir	3
mousseline	3
moustaches	3
muraille	3
Murillo	3
museau	3
nageoires	3
narines	3
natte	3
nature	3
natures	3
netteté	3
noire	3
nu-pieds	3
offres	3
oignons	3
omelette	3
opposition	3
orage	3
oranger	3
oseille	3
paire	3
paires	3
palais	3
palier	3
pampres	3
pan	3
parent	3
paresse	3
pêle-mêle	3
pente	3
personnage	3
petits	3
phrases	3
pistaches	3
plaines	3
Plaisance	3
plaisanteries	3
plâtre	3
pli	3
plis	3
poignet	3
pommade	3
porcs	3
portière	3
postes	3
pot-au-feu	3
poulets	3
poupée	3
poussées	3
présence	3
preuve	3
printemps	3
prise	3
probité	3
profit	3
promenade	3
propositions	3
puissance	3
pureté	3
quai	3
quais	3
rangée	3
rangées	3
rangs	3
rapport	3
rapports	3
raucourt	3
réalisation	3
réchaud	3
recherche	3
récit	3
redingotes	3
réflexions	3
règne	3
regret	3
reine	3
reins	3
remplaçant	3
rente	3
reproche	3
républicains	3
république	3
réserve	3
résistance	3
résolution	3
restaurants	3
rêves	3
rez-de-chaussée	3
rideau	3
rillettes	3
riz	3
roi	3
ronds	3
rosace	3
rosaces	3
rouge	3
rougets	3
rouille	3
Rue	3
rut	3
sacristie	3
Saint-Honoré	3
saints	3
salon	3
salut	3
sanglots	3
satisfaction	3
scrupules	3
séant	3
secousse	3
section	3
sentier	3
septembre	3
serments	3
serpents	3
servante	3
sévérité	3
silhouettes	3
sœurs	3
souci	3
soulagement	3
soumission	3
soupirs	3
sourires	3
sous-sol	3
souvenirs	3
store	3
suppositions	3
sursaut	3
tabac	3
tablettes	3
tâche	3
tactique	3
tambour	3
tape	3
tapes	3
tapissières	3
tel	3
tentation	3
tenue	3
terrain	3
théières	3
thons	3
tic-tac	3
tiroirs	3
toiles	3
tournées	3
tours	3
trait	3
transactions	3
travaux	3
tremblement	3
très-graves	3
très-gros	3
très-intéressant	3
très-pâle	3
très-sombre	3
tripiers	3
tronc	3
troncs	3
urne	3
vaisseau	3
vaurienne	3
verts	3
vertu	3
veste	3
victoire	3
vide	3
vidures	3
violets	3
violette	3
vision	3
voilette	3
voleuses	3
voluptés	3
voûtes	3
abandon	2
abricots	2
acier	2
adoration	2
agneaux	2
aîné	2
allant	2
alphabet	2
ambitions	2
amoncellements	2
andouille	2
ange	2
anges	2
anglaises	2
animaux	2
apparition	2
appartement	2
appels	2
approvisionnement	2
araignée	2
arc	2
architecture	2
ardoises	2
arête	2
arêtes	2
argenterie	2
arôme	2
arrière	2
aspect	2
association	2
assoupissement	2
atelier	2
ateliers	2
automne	2
auvent	2
avantage	2
aventures	2
aveu	2
avoine	2
baie	2
baiser	2
balance	2
balayeurs	2
balles	2
baraque	2
barreaux	2
bars	2
base	2
bassines	2
bâton	2
battant	2
bavette	2
bêta	2
bibliothèque	2
bigarrure	2
bijou	2
bijouterie	2
bile	2
billets	2
bique	2
blanches	2
bleus	2
bonjour	2
Bonjour	2
bordures	2
bouchers	2
boueux	2
bouffées	2
bouillie	2
boulangère	2
boulangers	2
boules	2
boulets	2
boulons	2
bourse	2
bouton	2
boyaux	2
bracelets	2
braise	2
brasier	2
bretelles	2
bries	2
broche	2
brosse	2
brouillard	2
brouille	2
buisson	2
buste	2
cachemire	2
cadet	2
cages	2
cahot	2
cahots	2
cajoleries	2
camélia	2
camembert	2
canards	2
candidat	2
canons	2
cantal	2
caprice	2
caquetage	2
carcasses	2
carré	2
case	2
catastrophe	2
catéchisme	2
causes	2
céleri	2
cerceau	2
cerise	2
cerveau	2
cervelles	2
chaînes	2
Chambres	2
champagne	2
chapelets	2
chaperon	2
chapitres	2
charbonnier	2
charme	2
charpentes	2
charretée	2
charretier	2
chars	2
chatouilles	2
chaudière	2
chester	2
chèvre	2
chicorée	2
chicorées	2
chiffons	2
chœur	2
chopes	2
choux-fleurs	2
cierges	2
cigarette	2
cinquantaine	2
cintre	2
ciseaux	2
cité	2
citron	2
civière	2
clairière	2
claquement	2
client	2
clous	2
cocardes	2
cocher	2
coiffeur	2
coiffure	2
coliques	2
collége	2
colonne	2
comédie	2
commerces	2
commissionnaires	2
commun	2
Compas	2
complaisance	2
complaisances	2
complices	2
confessionnal	2
conserves	2
consolation	2
constance	2
contact	2
contentement	2
convenance	2
conviction	2
coquetterie	2
coquillages	2
coquine	2
coraux	2
cordons	2
corsets	2
côtelette	2
couenne	2
couloirs	2
couple	2
courbes	2
cours	2
crabes	2
crânerie	2
crânes	2
créature	2
crève	2
cuisinier	2
cuisson	2
culs	2
cuves	2
Cuvier	2
cygne	2
dadais	2
dahlias	2
dandinements	2
danseuse	2
Dauphine	2
débâcle	2
débandade	2
débarras	2
débauche	2
déchirure	2
défi	2
défroque	2
déjeuners	2
délicatesse	2
demandes	2
demie	2
demi-jour	2
dénonciation	2
dépense	2
dépit	2
députés	2
dernières	2
désert	2
désintéressement	2
despote	2
despotisme	2
desseins	2
desserte	2
détail	2
dictature	2
dieux	2
difficulté	2
Dimanche	2
dimanches	2
disciple	2
domaine	2
dorée	2
dotation	2
double	2
dureté	2
éblouissement	2
écaille	2
échafaud	2
écharpe	2
écho	2
éclair	2
école	2
Écoute	2
écrevisse	2
écrins	2
écueil	2
effacement	2
effronterie	2
égard	2
égoïsme	2
égoïste	2
égratignure	2
élan	2
élèves	2
embarras	2
embrassade	2
empilements	2
emplette	2
emportement	2
encoignure	2
encre	2
enfantillage	2
enfoncement	2
enjambées	2
ennui	2
enseigne	2
enseignement	2
enseignes	2
entente	2
enterrement	2
entonnoir	2
entrevue	2
enveloppe	2
épaisseurs	2
épées	2
épices	2
épicier	2
épingles	2
épisodes	2
épluchures	2
équilibre	2
équilles	2
erreur	2
escogriffe	2
esquisse	2
Estrapade	2
étagère	2
étiquettes	2
évaporation	2
événements	2
exclamations	2
exemples	2
existence	2
expéditeurs	2
explications	2
extrémité	2
faits	2
falaises	2
familiarité	2
familles	2
farine	2
fautes	2
faux	2
félicité	2
fente	2
Ferronnerie	2
fers	2
feutre	2
février	2
fiacres	2
flageolet	2
flanelle	2
flâneur	2
floraison	2
floraisons	2
foin	2
forêts	2
forts	2
frais	2
franges	2
friandise	2
friandises	2
fuite	2
furie	2
fuseaux	2
gaietés	2
gain	2
galantines	2
gale	2
galerie	2
galérien	2
galetas	2
galopins	2
gardien	2
gare	2
gâteau	2
glaïeuls	2
glapissement	2
godiveau	2
goinfrerie	2
gomme	2
gouttière	2
gouvernements	2
gravité	2
grillades	2
grillage	2
grondement	2
grondins	2
grue	2
gruyère	2
guenilles	2
gueule	2
guillotine	2
guipures	2
guise	2
habit	2
habitation	2
habitudes	2
hanche	2
haricots	2
herse	2
hollande	2
horloge	2
Horloge	2
horreurs	2
hospice	2
hotte	2
housses	2
huile	2
humanité	2
humeurs	2
idiot	2
images	2
impôt	2
imprudence	2
indifférence	2
indiscrétions	2
injustice	2
innocents	2
insignes	2
insistance	2
inspection	2
instants	2
intelligence	2
intentions	2
intérêts	2
invitations	2
ironie	2
janvier	2
jardins	2
jasmin	2
jeannette	2
Jour	2
journaux	2
juillet	2
juste	2
lâcher	2
ladre	2
laiton	2
laitues	2
lance	2
lancer	2
lardons	2
lassitude	2
laurier	2
lèchefrite	2
légendes	2
légèretés	2
lenteur	2
lever	2
lieues	2
lieutenant	2
lieux	2
limande	2
limousines	2
limpidité	2
liqueurs	2
local	2
lourdeur	2
luisant	2
lustre	2
lutteur	2
maigres	2
mailles	2
malade	2
mangeaille	2
mangeailles	2
mangeoire	2
mangeur	2
manifeste	2
manne	2
manteau	2
marais	2
marécages	2
Marjolin	2
marronniers	2
martyr	2
massacre	2
massifs	2
maux	2
mazagrans	2
médaillons	2
mélancolies	2
melons	2
ménagères	2
menottes	2
Merci	2
mètres	2
meurt-de-faim	2
midi	2
miette	2
milliers	2
ministère	2
minute	2
moineaux	2
moire	2
monstre	2
mont-d’or	2
montre	2
montres	2
Montreuil	2
morts	2
morue	2
mouches	2
mouchoirs	2
moule	2
mouron	2
Mouron	2
murailles	2
musique	2
nacres	2
naïveté	2
nécessité	2
nécessités	2
nervures	2
nettoyage	2
neufchâtel	2
noces	2
noires	2
noix	2
Nord	2
nouveaux	2
noyaux	2
obscurité	2
observation	2
obstacle	2
octrois	2
œuvres	2
oiseau	2
olives	2
olivet	2
omnibus	2
opale	2
opération	2
opinions	2
ordres	2
ordure	2
oreillers	2
organisation	2
orge	2
ouate	2
oubli	2
Palette	2
pâmoison	2
panaches	2
panachures	2
panneau	2
panneaux	2
pantoufles	2
papa	2
paradis	2
parapet	2
pardessus	2
Parisiens	2
parler	2
parmesan	2
parquet	2
partage	2
parties	2
parures	2
passage	2
patronne	2
paupière	2
pauvres	2
paysages	2
pêche	2
pécores	2
peines	2
peintures	2
peloton	2
pension	2
pentes	2
perceptions	2
perdrix	2
permission	2
persil	2
petit	2
petites	2
petit-salé	2
pharmacien	2
philosophie	2
piétinements	2
pignon	2
pilier	2
piment	2
pipes	2
plaisanterie	2
plancher	2
planchette	2
plantes	2
plaque	2
platanes	2
plateau	2
plateaux	2
pleurer	2
plomb	2
plombs	2
poil	2
poils	2
poitrines	2
pompe	2
pont-l’évêque	2
popeline	2
portail	2
portrait	2
port-salut	2
pose	2
Poterie	2
poudre	2
poulailler	2
poulet	2
poussée	2
pouvoir	2
pratiques	2
préfet	2
premier	2
premiers	2
prénom	2
preuves	2
prières	2
promenades	2
province	2
provision	2
puérilité	2
pullulement	2
quatre-saisons	2
querelles	2
quinzaine	2
radeau	2
raillerie	2
rails	2
râles	2
ramages	2
ramener	2
rayon	2
réconciliation	2
récréation	2
réforme	2
régals	2
registres	2
réglisse	2
remords	2
renaissance	2
rencontres	2
renommée	2
renseignement	2
repos	2
reprises	2
ressemblance	2
réticences	2
réunions	2
révélation	2
révélations	2
révolte	2
revolvers	2
rhum	2
richesse	2
rides	2
rigoles	2
rival	2
rivière	2
rivières	2
rognons	2
ronde	2
rondeur	2
ronflement	2
ronflements	2
rôti	2
rougeurs	2
rouleau	2
rouleaux	2
roulettes	2
routes	2
ruban	2
sabot	2
Saget	2
saignant	2
saisissement	2
saison	2
saleté	2
saline	2
samedi	2
sang-froid	2
science	2
sécheresses	2
secondes	2
semelles	2
semences	2
sensation	2
sentiers	2
sergent	2
sérieux	2
serment	2
seul	2
siècle	2
sifflement	2
signes	2
sommes	2
sommet	2
son	2
songerie	2
songeries	2
sottises	2
soucis	2
soufflet	2
souper	2
soupers	2
soupir	2
souricière	2
sous-préfecture	2
spécialité	2
spectacle	2
splendeur	2
station	2
stupéfaction	2
sueurs	2
suie	2
suint	2
supériorité	2
surexcitation	2
surtout	2
suspension	2
sympathie	2
système	2
tabernacle	2
tableaux	2
tanches	2
tapisserie	2
tartes	2
tartine	2
tasses	2
taxes	2
teinture	2
tempête	2
terreurs	2
terrine	2
tiges	2
tignasse	2
timbre	2
timidité	2
tirer	2
tisane	2
tohu-bohu	2
toilette-commode	2
tomates	2
tonneaux	2
toque	2
torchons	2
torrent	2
toucher	2
tourelles	2
tournée	2
toux	2
traînée	2
traînées	2
traitant	2
transformation	2
tremblante	2
trentaine	2
très-blanche	2
Très-dangereux	2
très-élevée	2
très-émue	2
très-forte	2
très-grand	2
très-grave	2
très-haut	2
très-inquiète	2
très-lourde	2
très-malade	2
très-mauvais	2
très-mauvaise	2
très-nette	2
trésors	2
très-propre	2
très-propres	2
très-sagement	2
tressaillement	2
très-surpris	2
très-tard	2
très-triste	2
tringle	2
tringles	2
tripière	2
trognons	2
tronçons	2
trousses	2
troyes	2
tumulte	2
tuyaux	2
tyrannie	2
Université	2
usage	2
usurier	2
vache	2
va-et-vient	2
vague	2
vaisselle	2
valeur	2
vantardise	2
variétés	2
vases	2
vasques	2
vaurien	2
veaux	2
végétation	2
ventilateur	2
vers	2
versions	2
vert-de-gris	2
verve	2
vestes	2
vices	2
Vigan	2
village	2
Ville	2
vinaigre	2
violet	2
virilité	2
visages	2
vitre	2
vitrines	2
vivant	2
voile	2
voisinage	2
voisins	2
vole	2
volées	2
volontés	2
vols	2
volupté	2
voyages	2
wikisource	2
*	1
19831209BE1	1
abandons	1
abatis	1
abat-jour	1
abats	1
abattoir	1
abattoirs	1
ablettes	1
abois	1
abomination	1
abondance	1
abri	1
abricotier	1
abris	1
absence	1
absinthe	1
académies	1
accablement	1
accord	1
accroche-cœur	1
accusation	1
accusations	1
accusés	1
achards	1
acharnement	1
achat	1
acheteur	1
acheteurs	1
acomptes	1
âcretés	1
acteurs	1
actions	1
additions	1
adjudication	1
adjudications	1
adolescence	1
adolescent	1
adoption	1
adversaire	1
adversaires	1
affichage	1
affiches	1
afflux	1
agilités	1
aguets	1
aidant	1
Aide	1
aigrefins	1
aigreurs	1
Aiguillerie	1
ail	1
aile	1
ailerons	1
albâtre	1
alcalis	1
alcool	1
alcôves	1
alentour	1
alibi	1
alignement	1
alignements	1
alliances	1
allumettes	1
allusions	1
amabilité	1
amabilités	1
amande	1
amandes	1
amas	1
amazone	1
ambassades	1
ambre	1
amertume	1
amertumes	1
amitiés	1
amoureuses	1
amour-propre	1
Amours	1
anchois	1
âne	1
ânes	1
anglaise	1
Anglaises	1
angleterre	1
angoisses	1
anneaux	1
antichambre	1
anxiétés	1
août	1
apaisement	1
api	1
apoplexie	1
appareil	1
appareils	1
appas	1
appel	1
apport	1
apprenant	1
approbation	1
âpretés	1
arceaux	1
architectures	1
argument	1
aristocrate	1
arlequin	1
arme	1
armurier	1
aromates	1
arômes	1
arrangement	1
arrière-magasins	1
arrivé	1
arrondissement	1
arrondissements	1
arrosoirs	1
arsenal	1
artichaut	1
aspects	1
asphyxie	1
assassin	1
assaut	1
assises	1
asthme	1
astrakan	1
attelées	1
attendrissements	1
attentat	1
attente	1
attitudes	1
aubaines	1
aubépines	1
aubergines	1
aubes	1
audace	1
au-dehors	1
audience	1
auge	1
aumône	1
autels	1
auteur	1
autrui	1
auvents	1
avachissement	1
avancements	1
avançons	1
avare	1
avarice	1
avénement	1
aventuriers	1
averses	1
aveuglement	1
aveux	1
avocat	1
avoir	1
avril	1
axiomes	1
azur	1
babas	1
babil	1
bâche	1
bagarre	1
baguiers	1
baigneuse	1
baignoire	1
bâillements	1
bains	1
balanciers	1
balcons	1
balle	1
bals	1
balustrade	1
balustres	1
bambin	1
bambins	1
bandits	1
bandoline	1
Banque	1
banquettes	1
barbes	1
barbillon	1
barbillons	1
barbues	1
bariolage	1
bariolages	1
baronnes	1
barriques	1
bas-côtés	1
bases	1
basse-fosse	1
basses	1
batterie	1
batteries	1
bave	1
bavure	1
bavures	1
becquée	1
bedeau	1
bégueule	1
bénéfice	1
bénévoles	1
bénitier	1
bercement	1
berge	1
betterave	1
beurrés	1
Bibliothèques	1
bienveillances	1
bienvenue	1
bigarreaux	1
bijoutiers	1
billes	1
billet	1
blanchissage	1
blancs	1
blanquette	1
blessures	1
bleuissements	1
blondeur	1
boa	1
bœufs	1
bohémienne	1
boîtier	1
bombances	1
bondons	1
bonds	1
bonneteries	1
bordeaux	1
bornes	1
bouchons	1
boucs	1
boues	1
bouges	1
bouillies	1
bouillons	1
boulangeries	1
boulettes	1
bouquetière	1
bourdonnement	1
bourdonnements	1
bourgeron	1
bourgerons	1
bourreau	1
bourriche	1
boutiquiers	1
brancard	1
brancards	1
branle	1
branlements	1
brassée	1
brassées	1
brasserie	1
brasseries	1
bredouillement	1
bredouillements	1
brève	1
bride	1
brigands	1
bringue	1
brioche	1
brique	1
briques	1
brocart	1
broderies	1
brosses	1
brouette	1
brouettée	1
brouillards	1
broussaille	1
brunes	1
brunissures	1
brusquerie	1
brutalités	1
bruyère	1
buis	1
bulletin	1
bulletins	1
burin	1
cabane	1
cabanes	1
cabillauds	1
cabines	1
cache-cache	1
cache-peigne	1
cachette	1
cachettes	1
cachotier	1
cachotteries	1
cacophonie	1
cadavres	1
cadenas	1
cadence	1
cadencement	1
Cadine	1
cageaux	1
cailles	1
caïmans	1
caissière	1
calcul	1
cale	1
calèche	1
calepins	1
câlin	1
calomnies	1
calville	1
camaraderie	1
cambuses	1
camélias	1
camemberts	1
camion	1
camps	1
canadas	1
cancer	1
canevas	1
caniche	1
canot	1
cantaloups	1
cantiques	1
cantonnier	1
cantonniers	1
caporaux	1
capotes	1
câpres	1
caprices	1
caque	1
caraco	1
caracos	1
carafon	1
caramels	1
caricatures	1
carne	1
carnet	1
carrelets	1
carriole	1
carrioles	1
Carrousel	1
carte	1
cartes	1
casaquin	1
caserne	1
casernes	1
Casernes	1
casier	1
casiers	1
casquettes	1
casse-cou	1
cassures	1
catins	1
cauchemars	1
cavalier	1
célébrités	1
Cendrillon	1
centaine	1
centaines	1
centimètres	1
cercle	1
chafouine	1
chalands	1
châles	1
champ	1
Champ-de-Mars	1
Change	1
chantiers	1
chants	1
chapeaux	1
chapelet	1
chapelure	1
chapelures	1
chapes	1
char	1
Charcuterie	1
charcuteries	1
charges	1
chariots	1
charité	1
charognes	1
Charpentier	1
charrette	1
charrois	1
châsse	1
châsses	1
châtaignes	1
châtaigniers	1
château	1
châtelaines	1
châtiment	1
chatouillements	1
chatte	1
chattes	1
chaudes	1
chauffage	1
chaussette	1
chaussettes	1
chauves-souris	1
chaux	1
chef-d’œuvre	1
chéri	1
chérubin	1
chevelures	1
chevet	1
cheveu	1
chevilles	1
chevreuils	1
chignons	1
Chinoise	1
chipotage	1
choucroute	1
chou-fleur	1
chuchotement	1
cierge	1
cigales	1
cigare	1
cigares	1
cils	1
cimes	1
cinabre	1
ciselures	1
citoyen	1
claire-voie	1
claquements	1
claques	1
classes	1
clauses	1
clayons	1
clefs	1
Clémence	1
clientes	1
clignement	1
clique	1
cloaque	1
clocheton	1
cloisons	1
clos	1
clôtures	1
clubs	1
cocu	1
code	1
coffre	1
coiffures	1
collège	1
collégien	1
collerette	1
colletin	1
collier	1
colline	1
colombe	1
colonnettes	1
cols	1
combattante	1
commandeur	1
commencements	1
commentaires	1
commérage	1
commerçants	1
commissaires	1
commissions	1
communes	1
compartiments	1
complétement	1
complications	1
compliment	1
compotiers	1
comtesses	1
conception	1
concert	1
concierges	1
conciliabules	1
concombres	1
condition	1
conditions	1
condoléances	1
confession	1
confessionnaux	1
confidence	1
confitures	1
confrérie	1
confusion	1
congés	1
congre	1
conquête	1
conséquence	1
conserve	1
considérations	1
consolations	1
console	1
constitution	1
construction	1
constructions	1
consultation	1
contemplation	1
contemplations	1
contenu	1
contestations	1
contrariété	1
contrat	1
Contrat	1
contrebande	1
contrebandiers	1
contrecœur	1
contrées	1
contributeurs	1
contrôles	1
convalescence	1
conventionnel	1
convois	1
copyleft	1
coqs	1
coquille	1
coquin	1
coquinerie	1
corail	1
corde	1
cordeau	1
cordes	1
cornichon	1
correspondance	1
corridors	1
corsages	1
cosses	1
coteaux	1
cotonnade	1
cotonnades	1
couchers	1
coudoiement	1
coudoiements	1
couennes	1
coulée	1
coulis	1
couloir	1
coupage	1
couperets	1
coupes	1
coupon	1
coupons	1
courage	1
coureur	1
coureuse	1
couronnes	1
coutil	1
couture	1
couvent	1
couvercles	1
couverts	1
crampes	1
crapaud	1
crapule	1
craquement	1
craquements	1
crasse	1
cravates	1
crécelle	1
crédulité	1
cribles	1
crime	1
crinières	1
crins	1
crises	1
cristaux	1
croc	1
crochet	1
crocs	1
croissants	1
croque-mort	1
croquets	1
crotte	1
crottes	1
crottin	1
croûtes	1
croyance	1
cuillerée	1
cuillerées	1
cuisines	1
cuisiniers	1
cuisse	1
cuisseaux	1
cuivres	1
culs-de-singe	1
cultivateurs	1
curé	1
curieuses	1
curiosités	1
cuvette	1
cyprins	1
dalle	1
dangers	1
danseuses	1
dauphins	1
débat	1
débats	1
débordement	1
débordements	1
débris	1
déchaînement	1
déchargement	1
déchirements	1
déchirures	1
décision	1
décomposition	1
décoration	1
découverte	1
deed	1
déesse	1
déesses	1
défauts	1
défense	1
défenseur	1
défenseurs	1
défunte	1
dégagement	1
dégels	1
dégoûts	1
degré	1
déjection	1
délicatesses	1
délire	1
déluge	1
demain	1
démanchement	1
demande	1
démarches	1
déménagement	1
demi-aveux	1
demi-cent	1
demi-douzaine	1
demi-feuille	1
demi-gros	1
demi-lune	1
demi-porc	1
démocratie	1
demoiselles	1
démolitions	1
démonstration	1
déporté	1
déportés	1
Dépôt	1
dépôts	1
dernier-né	1
derniers	1
déroute	1
dés	1
désapprobation	1
descente	1
désespoirs	1
déshabillé	1
désillusion	1
désirs	1
destination	1
détermination	1
détraquement	1
dette	1
dettes	1
développement	1
dévergondage	1
dévergondages	1
dévotes	1
dévouements	1
diablesse	1
différends	1
difficultés	1
dignitaires	1
dignité	1
dindon	1
dindons	1
dîners	1
directeur	1
direction	1
dispositions	1
disputant	1
disques	1
dissolvant	1
distances	1
diversion	1
docilité	1
documents	1
dogue	1
doléances	1
données	1
dorades	1
dot	1
douaniers	1
douleurs	1
doutes	1
douzaine	1
douzaines	1
dragées	1
drapeau	1
draperie	1
drogue	1
Droguerie	1
droguistes	1
droiture	1
drôleries	1
duchesses	1
duelliste	1
dure	1
ébauche	1
ébréchures	1
échalote	1
échantillons	1
échappée	1
échappées	1
échaudés	1
échaudoir	1
échauffourée	1
échec	1
échoppe	1
échos	1
éclaboussement	1
éclaircie	1
éclat	1
éclats	1
écluse	1
écluses	1
écœurement	1
École	1
écoles	1
Écoles	1
économie	1
écoulement	1
écoulements	1
écoutant	1
écrasements	1
écu	1
écumoires	1
écureuil	1
écurie	1
édition	1
effigie	1
effroi	1
effusions	1
égalité	1
églises	1
égout	1
égouttement	1
élections	1
élégance	1
élément	1
élève	1
Élysée	1
émaux	1
embauchements	1
embellissements	1
embrassades	1
emmanchement	1
emplois	1
encadrement	1
encaissement	1
encensoirs	1
enchère	1
enchérisseur	1
encolure	1
encombrement	1
énergie	1
enfantement	1
enfantillages	1
enfilades	1
enflures	1
enfoncements	1
engrais	1
engueulade	1
enjôleur	1
enlacements	1
ennemi	1
ennuis	1
enquête	1
enrouement	1
enroulements	1
entaille	1
entames	1
enterrements	1
entêtement	1
entêtements	1
entonnoirs	1
entourage	1
entrait	1
entre-bâillement	1
entrepositaire	1
entresol	1
envahissement	1
enveloppée	1
envers	1
environs	1
épervier	1
épiceries	1
épingle	1
éponges	1
époux	1
épure	1
équarrisseur	1
éraflures	1
érudit	1
érudition	1
escabeau	1
escaliers	1
escapades	1
esclaves	1
espionnage	1
esplanade	1
espoirs	1
esquisses	1
essieux	1
est	1
estampes	1
estomacs	1
étable	1
étain	1
étau	1
étaux	1
étendard	1
étoffes	1
étonnements	1
étourdissement	1
étrangers	1
étranglement	1
êtres	1
étui	1
étuves	1
évanouissement	1
évasion	1
événement	1
éventails	1
éventualités	1
évier	1
examen	1
excellence	1
exception	1
excuse	1
exécution	1
exercice	1
exergue	1
exhalaison	1
exhalaisons	1
exister	1
expansion	1
expédition	1
extraits	1
fabricants	1
fabrique	1
Fabriques	1
fâcheries	1
fac-similé	1
facteur	1
facture	1
Faculté	1
faible	1
faïences	1
faillite	1
fainéantes	1
fainéants	1
falot	1
familiers	1
fanal	1
fanatique	1
fange	1
fantaisie	1
farces	1
farceur	1
farceurs	1
fard	1
Farines	1
faubourg	1
faux-col	1
faux-ponts	1
favoris	1
fdl	1
fentes	1
fermentations	1
férocité	1
ferrailles	1
ferrures	1
fesses	1
festins	1
fêtes	1
fétidité	1
feuillage	1
feuillets	1
feux	1
ficelles	1
fichus	1
fiente	1
fièvres	1
fine	1
fisc	1
flacon	1
flacons	1
flair	1
flambée	1
flanc	1
flanelles	1
flans	1
flaques	1
fleuve	1
fleuves	1
foire	1
folies	1
fonctions	1
fondations	1
formalités	1
formation	1
formats	1
formes	1
fortifications	1
fortunes	1
fossé	1
fou	1
foulards	1
fourchettes	1
fournaise	1
fourneaux	1
fourniture	1
fourrés	1
frai	1
fraise	1
framboises	1
français	1
frange	1
fraternité	1
frégate	1
frisées	1
froids	1
froissements	1
froncements	1
frontière	1
fruitière	1
fruitières	1
fumoir	1
fusain	1
fusée	1
fusillade	1
futaie	1
gâchis	1
Gaieté	1
galant	1
galanterie	1
galères	1
galettes	1
galops	1
gamelle	1
gaminerie	1
gamines	1
gammes	1
gant	1
ganteries	1
gardes	1
gares	1
gargotes	1
gargouille	1
garnis	1
garnitures	1
gaze	1
gazette	1
gazouillement	1
gélinottes	1
gémissements	1
gendre	1
gêne	1
général	1
générations	1
génie	1
genre	1
geôlier	1
gerbe	1
gésier	1
gibecières	1
girofle	1
giroflée	1
giroflées	1
glaçons	1
glands	1
glapissements	1
globe	1
globes	1
glorias	1
gloutonnerie	1
gnu	1
gobelets	1
gonds	1
gonflement	1
gonflements	1
gorgerin	1
gourmandise	1
gourmandises	1
gourmands	1
gournay	1
grabuge	1
Grâce	1
grâces	1
gradin	1
gradins	1
graine	1
grandeur	1
grappe	1
gras-double	1
grattement	1
grave	1
gravier	1
gré	1
grecque	1
grêle	1
grenier	1
griffes	1
griffonnage	1
grigou	1
grise	1
griseries	1
grives	1
grognement	1
groin	1
gronderies	1
Gros-Caillou	1
grosses	1
grosseur	1
grossissement	1
grossissements	1
grottes	1
grouillements	1
guano	1
guenipe	1
guéridon	1
guérison	1
gueuletons	1
gueuses	1
guirlande	1
habileté	1
habillement	1
habitants	1
hâbleries	1
hacheuse	1
hachoir	1
haines	1
hâle	1
hamacs	1
haquets	1
hardiesses	1
harengères	1
haussement	1
haussements	1
haut	1
hébertisme	1
hébertiste	1
hennissements	1
hérissés	1
héritier	1
héritiers	1
héros	1
hésitation	1
hier	1
homards	1
honneurs	1
hoquets	1
horloger	1
horlogerie	1
horticulteurs	1
hôtel	1
Hôtel	1
houle	1
houx	1
html	1
huées	1
huiles	1
humiliation	1
humiliations	1
humus	1
hures	1
hypocrite	1
idéal	1
idole	1
idoles	1
idylle	1
ignorance	1
illusions	1
imagination	1
immensité	1
immobilité	1
impatiences	1
importance	1
impression	1
imprudences	1
impudence	1
incendies	1
incertitudes	1
incident	1
indécence	1
indépendance	1
indication	1
indigestions	1
indignation	1
indiscrétion	1
indisposition	1
indulgence	1
industrie	1
infection	1
inflexions	1
infortunes	1
ingratitude	1
innocentes	1
insecte	1
insectes	1
insolence	1
insolences	1
insomnie	1
inspecteurs	1
installation	1
instincts	1
instructeur	1
insu	1
intention	1
interlocuteurs	1
interrogatoire	1
intimité	1
inutilité	1
invasion	1
inventaire	1
invention	1
invitation	1
ivresse	1
ivrognerie	1
ivrognesse	1
ivrognesses	1
jac	1
jacasseries	1
jais	1
Jardin	1
jardinières	1
jardiniers	1
jaunisse	1
jaunissement	1
jetées	1
jeûne	1
jointure	1
joncs	1
joue	1
joujou	1
jugements	1
Juillet	1
jument	1
jupons	1
jurements	1
justification	1
képi	1
lâchées	1
lacune	1
ladres	1
laideur	1
lainage	1
lainages	1
lambris	1
lame	1
lamentations	1
lames	1
lampes	1
langage	1
langouste	1
langueur	1
lanterne	1
laque	1
lardoires	1
larme	1
las	1
lavage	1
lavages	1
lavande	1
Lebigre	1
lecture	1
légende	1
leva	1
levant	1
leviers	1
liant	1
liards	1
licenses	1
licou	1
lie	1
liens	1
lièvres	1
limpidités	1
linceul	1
liquoristes	1
lire	1
Lisette	1
lisière	1
litière	1
litres	1
littérature	1
locataire	1
loge	1
loges	1
loisir	1
longs	1
longtemps	1
losanges	1
loterie	1
loupe	1
lourdeurs	1
loyer	1
lucarne	1
lundi	1
Lundi	1
lunes	1
lutteuses	1
macarons	1
machines	1
maçons	1
Madame	1
madeleines	1
madras	1
madrigal	1
mai	1
maille	1
maillet	1
maïs	1
maîtres	1
majorité	1
majuscules	1
maladies	1
maladresse	1
maladresses	1
malaises	1
malheureuses	1
Maman	1
manchettes	1
mangeurs	1
mangeuse	1
manie	1
manières	1
manigance	1
manivelles	1
Manoury	1
manque	1
maraîchères	1
marcher	1
mare	1
marge	1
mariages	1
mariés	1
maris	1
marmiton	1
marmitons	1
marmot	1
marque	1
Marque	1
marquise	1
marquises	1
marrons	1
mars	1
massue	1
masures	1
matière	1
matières	1
matrone	1
mâture	1
maturité	1
mazagran	1
mèche	1
mécontent	1
mécontentement	1
médaille	1
médailles	1
médisance	1
mélange	1
mélasse	1
mélodrame	1
menaces	1
ménagement	1
ménages	1
mensonge	1
mensonges	1
menteuse	1
menuisier	1
menuisiers	1
mercredis	1
Mère	1
mérinos	1
mers	1
mésintelligence	1
messire-jean	1
mesures	1
métaux	1
mètre	1
meuniers	1
meurtre	1
meurtrières	1
meurtrissure	1
meurtrissures	1
mies	1
millet	1
minimum	1
ministères	1
ministre	1
mioche	1
miracle	1
miroir	1
miroirs	1
mise	1
mission	1
missions	1
mistoufle	1
mobilier	1
mode	1
moderne	1
modes	1
mœurs	1
moignons	1
moisissures	1
moisson	1
moiteur	1
mollesses	1
monstres	1
mont	1
montagne	1
montant	1
montée	1
Montorgueil	1
Mont-Valérien	1
moquette	1
morale	1
Morgue	1
moribond	1
morues	1
moteur	1
motifs	1
mouchard	1
mouchards	1
mouche	1
moulin	1
moulins	1
mourant	1
mourants	1
moustiques	1
moutarde	1
mouvements	1
moyeux	1
muguet	1
muguets	1
mulets	1
munitions	1
murmures	1
musc	1
mystère	1
nacelles	1
nage	1
naïf	1
naissance	1
nation	1
nattes	1
naturalisme	1
néant	1
nef	1
nénuphars	1
nerfs	1
nid	1
nobles	1
noisettes	1
nomme-t	1
nonchalances	1
nord	1
Normandes	1
nostalgie	1
nougat	1
nourrice	1
nouveautés	1
nouvelles	1
nuages	1
nudités	1
nuée	1
numéro	1
nu-tête	1
nymphes	1
objet	1
objets	1
obligeance	1
obscénité	1
observatoire	1
Observatoires	1
obstacles	1
occupation	1
occupations	1
octroi	1
œil-de-bœuf	1
œillet	1
œillets	1
œils-de-bœuf	1
offre	1
olivets	1
ombrelle	1
omelettes	1
onguent	1
Or	1
orateur	1
orateurs	1
organe	1
organisateur	1
orgie	1
orgue	1
origine	1
ormes	1
ornements	1
ossuaire	1
ouest	1
outils	1
Palais-Bourbon	1
Palais-de-Justice	1
palatines	1
paletots	1
palette	1
palissade	1
palmes	1
pamphlets	1
panache	1
panais	1
panique	1
pantalons	1
parade	1
parapluies	1
parasol	1
parasols	1
paratonnerres	1
parchemin	1
par-derrière	1
parente	1
paria	1
paris	1
parisien	1
parquets	1
parrain	1
parti	1
particulier	1
parts	1
passe	1
passion	1
pastilles	1
patère	1
patères	1
paternité	1
pâtes	1
patineurs	1
pâtisserie	1
pâtisseries	1
patriotes	1
patrons	1
pause	1
payement	1
paysans	1
péchés	1
pêcheur	1
pêcheurs	1
peignes	1
pelle	1
pelles	1
pelletées	1
pelouses	1
pelure	1
pénitentes	1
pensionnaire	1
pensionnat	1
perche	1
perches	1
période	1
péristyle	1
perle	1
persécution	1
personnalité	1
personnalités	1
perte	1
pervenche	1
pervers	1
pétards	1
petitesse	1
Petite-Truanderie	1
petits-fours	1
phalanges	1
pharmacie	1
phases	1
phraséologie	1
piaillements	1
pic	1
pie	1
piége	1
piège	1
pie-grièche	1
Pierrot	1
piétinement	1
Pigeonniers	1
pignons	1
Pile	1
pinceau	1
pincées	1
pinces	1
pincettes	1
pins	1
pipe	1
piquet	1
piqûre	1
piqûres	1
pirates	1
placements	1
placidité	1
plaie	1
plaine	1
planchettes	1
plante	1
planté	1
Plantes	1
planton	1
plants	1
plate-bande	1
plates-bandes	1
pleurant	1
pleure	1
pleurnicheries	1
pleurnicheurs	1
plie	1
plies	1
plumage	1
poèmes	1
poésie	1
poète	1
poètes	1
poigne	1
points	1
poirée	1
poison	1
poivres	1
poli	1
polisson	1
polissonneries	1
politesse	1
politesses	1
pompiers	1
pompon	1
pompons	1
pontons	1
ponts	1
porte-bannière	1
portée	1
porteur	1
porte-voix	1
portique	1
portrait-carte	1
positions	1
positivisme	1
possession	1
possibilité	1
potagers	1
poteau	1
potiron	1
potirons	1
pouce	1
pouces	1
poudrée	1
poudroiement	1
poulaillers	1
poulardes	1
poule	1
poupées	1
poupon	1
pourboire	1
pourritures	1
poursuite	1
poussa	1
pousse	1
poutres	1
poux	1
préfectures	1
préférences	1
préjudice	1
préjugés	1
première	1
préoccupation	1
présent	1
présentation	1
prétention	1
prêts	1
prière	1
prince	1
principe	1
principes	1
prisme	1
prisonnier	1
procès	1
procession	1
processions	1
procureur	1
professeurs	1
programme	1
proie	1
promesses	1
promptitude	1
proposition	1
propriétaires	1
protection	1
protégé	1
protestation	1
Provençaux	1
prude	1
prune	1
pruneau	1
pruneaux	1
prunier	1
Puanteur	1
puits	1
punaise	1
pupitre	1
pupitres	1
puretés	1
pyramide	1
pyramides	1
qualité	1
quantité	1
quarantaine	1
quarterons	1
quatre	1
quatre-vingt	1
quenu-gradelle	1
quille	1
quilles	1
râble	1
racaille	1
raccommodement	1
rachat	1
racines	1
rafale	1
raffinement	1
raffinements	1
rages	1
rais	1
raisins	1
rambourg	1
rame	1
ramier	1
rancunes	1
rang	1
rapidité	1
rasoir	1
rassemblement	1
râteliers	1
rations	1
réalisme	1
réalité	1
réalités	1
rebords	1
recette	1
recettes	1
réchauds	1
rechutes	1
récits	1
recoins	1
récolte	1
récompense	1
reconnaissance	1
récréations	1
recueillement	1
rédemption	1
redoublement	1
réflexion	1
refuge	1
refus	1
régénération	1
régime	1
règle	1
régularité	1
régularités	1
reine-Claude	1
reines	1
reinettes	1
relent	1
reliefs	1
religieuses	1
remerciement	1
remise	1
remontrances	1
remous	1
renflement	1
rentiers	1
renversement	1
réorganisation	1
répartition	1
réplique	1
réponses	1
reposoir	1
reprise	1
reps	1
reptiles	1
républicain	1
répugnance	1
réséda	1
respects	1
respirations	1
ressort	1
ressources	1
restes	1
résultats	1
résurrection	1
retrait	1
retraite	1
réunion	1
réutilisation	1
revanche	1
rêvasseries	1
réveillon	1
revendeurs	1
revendication	1
réverbères	1
rêveries	1
revêtement	1
révolutions	1
rhododendron	1
rhododendrons	1
ricanements	1
ridelles	1
rigueur	1
rinçures	1
ripaille	1
risette	1
rivales	1
rive	1
rives	1
rocailles	1
roche	1
rocher	1
rochers	1
roches	1
rocouyer	1
rôdeurs	1
roideurs	1
rôles	1
romaines	1
roman	1
romantisme	1
romantour	1
rond	1
rondelles	1
rond-point	1
ronronnement	1
roqueforts	1
rosaire	1
Rose	1
rosée	1
rôtie	1
rôtisseur	1
rotonde	1
rouages	1
roucoulement	1
roue	1
rouée	1
rouges	1
rougeur	1
Roule	1
roulements	1
rouleur	1
roulure	1
rousseur	1
roussissures	1
routier	1
rudesses	1
rugosité	1
ruissellements	1
rumeur	1
rumeurs	1
sacré	1
sagesse	1
saint	1
sainte	1
Saint-Germain	1
saint-honoré	1
saladiers	1
salaires	1
salissure	1
Salon	1
saloperie	1
salopes	1
salutations	1
saluts	1
sangsues	1
saperlotte	1
satire	1
satisfactions	1
sauterelle	1
sautoir	1
sauts	1
sauveur	1
savarins	1
savates	1
savon	1
scandale	1
scandales	1
scaroles	1
sceau	1
scélérat	1
scélérats	1
scénario	1
scènes	1
scepticisme	1
sceptre	1
scie	1
scission	1
sciure	1
sculpteur	1
séance	1
séances	1
second	1
secouée	1
secrets	1
séducteur	1
séduction	1
séjour	1
sensualités	1
sentiment	1
sentiments	1
sépia	1
sept	1
séquelle	1
sérail	1
série	1
serin	1
serins	1
sermon	1
serra	1
serrurerie	1
serrures	1
serrurier	1
serviette	1
serviettes	1
seule	1
sève	1
sévérités	1
sexes	1
sifflements	1
signal	1
Signaler_une_erreur	1
signaux	1
silences	1
simplicité	1
singes	1
sociétés	1
soies	1
soif	1
soixantaine	1
soldat	1
soleils	1
solennité	1
solitude	1
solitudes	1
sommets	1
sonnerie	1
sorcière	1
sortie	1
sottise	1
soubassement	1
soubresauts	1
soufre	1
souillure	1
soûleries	1
soulier	1
soumissions	1
sources	1
souris	1
sous-préfet	1
soutane	1
souterrain	1
soutien	1
soutiens	1
spatule	1
squelette	1
statues	1
stèle	1
stratégie	1
style	1
successeur	1
sud	1
suppliant	1
supplications	1
supplice	1
sûreté	1
surlendemain	1
surnom	1
surnoms	1
surplis	1
symbole	1
symphonie	1
systèmes	1
tabatières	1
tablette	1
tablettière	1
tabouret	1
Tâche	1
tact	1
tailles	1
talents	1
taloches	1
tambourins	1
tam-tam	1
tapa	1
tapisseries	1
taquineries	1
tartan	1
tartines	1
tasse	1
tâtonnements	1
taudis	1
taureau	1
taxe	1
teint	1
teinte	1
teintes	1
témoin	1
témoins	1
temple	1
tenant	1
tendons	1
tendres	1
tentations	1
tentatives	1
tente	1
tentes	1
tentures	1
terrassement	1
terrasses	1
terres	1
terreur	1
testament	1
têtes-de-mort	1
texte	1
textes	1
théâtres	1
théorie	1
théories	1
thon	1
Tic-tac	1
tige	1
tignasses	1
timbales	1
tintamarre	1
tisons	1
titres	1
toison	1
toiture	1
tôle	1
tolérance	1
tolérances	1
tomber	1
tonnerre	1
toquée	1
torse	1
torture	1
touche	1
toupie	1
tourelle	1
tourmente	1
tourniquet	1
tournoiement	1
tournure	1
tourte	1
tracasseries	1
trafics	1
traîne	1
traîneaux	1
train-train	1
traits	1
transcription	1
transition	1
transparence	1
travailleur	1
travailleuse	1
traversée	1
traverses	1
traversin	1
treillages	1
trempe	1
très-affairés	1
très-agréable	1
très-allongés	1
très-amicale	1
très-attentives	1
très-austère	1
très-basse	1
très-bel	1
très-bête	1
très-bon	1
très-bonnes	1
très-bons	1
très-bourrue	1
très-brèves	1
très-carrément	1
très-chargés	1
très-chaud	1
très-chaudes	1
très-claire	1
très-complimenteuse	1
très-complimenteuses	1
très-compliqué	1
très-compliqués	1
très-compromettantes	1
très-confuse	1
très-confusément	1
très-connus	1
très-convaincantes	1
très-coupable	1
très-courtes	1
très-cuite	1
très-curieuse	1
très-dégourdi	1
très-délicats	1
très-difficilement	1
très-doré	1
très-douces	1
très-douillet	1
très-drôle	1
très-effrayant	1
très-élevés	1
très-éloignée	1
très-embarrassé	1
très-empesées	1
très-ému	1
très-entreprenant	1
très-épais	1
très-essoufflée	1
très-étonnant	1
très-exigeant	1
très-fâcheux	1
très-faible	1
très-ferrée	1
très-fêtés	1
très-fin	1
très-fortes	1
très-froides	1
très-gaillard	1
très-galant	1
très-gêné	1
très-gourmande	1
très-grande	1
très-grosses	1
très-hésitant	1
très-heureuse	1
très-honnête	1
très-humble	1
très-impopulaire	1
très-insurrectionnelle	1
très-jeunes	1
très-joli	1
très-jolies	1
très-joliment	1
très-juste	1
très-largement	1
très-larmoyante	1
très-lente	1
très-liées	1
très-lisible	1
très-longs	1
très-malheureux	1
très-maternelle	1
très-maussades	1
très-méchant	1
très-méchante	1
très-méprisante	1
très-méritoire	1
très-mondaine	1
très-mystérieuses	1
très-naïvement	1
très-occupé	1
très-orageuse	1
très-orné	1
très-patiente	1
très-peinée	1
très-pénibles	1
très-pincées	1
très-poliment	1
très-posé	1
très-rare	1
très-rarement	1
très-réactionnaire	1
très-réjouissant	1
très-réjouissants	1
très-ridicules	1
très-rouée	1
très-rude	1
tressaillements	1
très-sale	1
très-sculptée	1
très-secs	1
très-sensuelle	1
très-sérieuse	1
très-sérieusement	1
très-sombres	1
très-soumise	1
très-suffisant	1
très-sûre	1
très-tendres	1
très-timide	1
très-tolérante	1
très-touché	1
très-touchés	1
très-tranquillement	1
triage	1
tribunal	1
trille	1
tripes	1
tripotage	1
tristesses	1
trognon	1
troisième	1
trompette	1
trophées	1
trop-plein	1
trouble	1
troupeau	1
troupeaux	1
trouvaille	1
truites	1
tueries	1
tuiles	1
tulle	1
Turc	1
turquoise	1
tuyau	1
type	1
Un	1
unisson	1
urine	1
urnes	1
usine	1
ustensiles	1
vacances	1
vagabonds	1
vagues	1
vainqueurs	1
vaisselles	1
valenciennes	1
vallons	1
vanille	1
vanité	1
varices	1
variété	1
vase	1
va-t	1
vauriens	1
végétations	1
veillée	1
veillées	1
veilleuse	1
veine	1
vélin	1
venaison	1
vendeur	1
vendeurs	1
Ventre	1
venu	1
verger	1
verglas	1
vérification	1
vermillon	1
vermine	1
vermouth	1
vernis	1
verrières	1
verrues	1
verset	1
version	1
vertige	1
vertiges	1
vertus	1
vessies	1
vestibule	1
veston	1
veuve	1
vexation	1
vexations	1
vibrement	1
vides	1
vidure	1
vieillard	1
vieillards	1
vieilles	1
vieillesse	1
vigne	1
VIGNERON	1
vigueurs	1
villages	1
villes	1
vins	1
violation	1
vit	1
vitrage	1
vitrail	1
vitrails	1
vivants	1
vivier	1
vocation	1
voies	1
volant	1
voleur	1
voleurs	1
voleuse	1
volière	1
vote	1
vouloir	1
wagons	1
wiki	1
Wikisource	1
www	1
zébrures	1
zèle	1
Zola	1
