word	F
monsieur Lebigre	33
rue couverte	13
cents francs	12
madame Quenu	11
rues couvertes	7
tablier blanc	7
cabinet vitré	6
cinquante francs	6
eau douce	6
cheveux blonds	5
Corps législatif	5
mille francs	5
odeur forte	5
soir même	5
tabliers blancs	5
bêtes vivantes	4
bras maigres	4
chêne clair	4
cloison vitrée	4
idée fixe	4
linges rouges	4
main droite	4
rues voisines	4
tête basse	4
voix basse	4
voix haute	4
yeux fermés	4
yeux noirs	4
air sévère	3
bois blanc	3
cadran lumineux	3
chair blanche	3
chapeau noir	3
cheveux châtains	3
corsage tendu	3
coup sûr	3
écharpes rouges	3
épaules pointues	3
face blême	3
fille aînée	3
garçon maigre	3
homme capable	3
homme maigre	3
journée entière	3
lettres anonymes	3
madame Lebigre	3
main gauche	3
maisons voisines	3
monsieur Quenu	3
note aiguë	3
odeur fraîche	3
odeur puissante	3
odeurs fortes	3
œil vif	3
oies grasses	3
paletot verdâtre	3
peur sourde	3
poissons rouges	3
quartier entier	3
rage froide	3
rue Vauvilliers	3
soleil couchant	3
table carrée	3
terre molle	3
trou noir	3
vin chaud	3
voix nette	3
voix pointue	3
yeux jaunes	3
adoration muette	2
air chaud	2
air désespéré	2
air frais	2
air gras	2
air heureux	2
air humble	2
air noir	2
air pur	2
air sérieux	2
allure lente	2
amis politiques	2
angoisse mortelle	2
après-midi entières	2
art moderne	2
barres jaunes	2
bêtes heureuses	2
bêtise naïve	2
bibliothèque numérique	2
blouses blanches	2
bois jaune	2
boîtes dorées	2
bonnets blancs	2
bottines vernies	2
boue liquide	2
bras ballants	2
broches gigantesques	2
bruit doux	2
bruit formidable	2
buée lumineuse	2
cabinet particulier	2
caractère tendre	2
casquette galonnée	2
catéchisme poissard	2
ceinture rouge	2
cendre grise	2
chapelles latérales	2
chat jaune	2
cheveux frisés	2
choses inavouables	2
chou blanc	2
coins noirs	2
coraux saignants	2
côtelettes panées	2
cou gras	2
couleurs vives	2
couteau mince	2
cuir rouge	2
cuivre rouge	2
dallage blanc	2
défroque noire	2
dents aiguës	2
dents serrées	2
dictature révolutionnaire	2
dindes superbes	2
doigts minces	2
dos rond	2
eau chaude	2
eau salée	2
eau tiède	2
effacement jaunâtre	2
émotion extraordinaire	2
envie folle	2
esprit tendre	2
face blanche	2
face pâle	2
face rose	2
faces rondes	2
face tranquille	2
façon douce	2
façon honnête	2
façon particulière	2
fait belle	2
femme grosse	2
femme honnête	2
femme seule	2
fièvre jaune	2
figure ronde	2
figures jaunes	2
figures rondes	2
fille paresseuse	2
fille puérile	2
foies gras	2
fois même	2
fond tendre	2
fraîcheur superbe	2
friture froide	2
fromage blanc	2
gens honnêtes	2
gens riches	2
geste prompt	2
gorges énormes	2
harengs saurs	2
herbe jaune	2
hommes maigres	2
jambon ordinaire	2
jaune clair	2
jaune tendre	2
jour même	2
journées entières	2
jour pâle	2
jupes tombantes	2
langues fourrées	2
larmes chaudes	2
légumes secs	2
licence libre	2
ligne blanche	2
linge éblouissant	2
linges mouillés	2
lit épais	2
lueurs louches	2
lutteur antique	2
machine infernale	2
mademoiselle Saget	2
mains potelées	2
maison entière	2
marais nauséabond	2
marbre blanc	2
marbre rouge	2
marchands forains	2
masse énorme	2
métal blanc	2
milieu gras	2
mots aimables	2
nacres roses	2
nez rose	2
notes aiguës	2
nourritures gigantesques	2
nuit heureuse	2
nuits entières	2
nuits limpides	2
odeur chaude	2
odeur pénétrante	2
œil inquiet	2
oignon cuit	2
ombre noire	2
ombres noires	2
pâleurs glauques	2
paniers plats	2
paniers pleins	2
paniers vides	2
papier bleu	2
papier gris	2
papier jaune	2
paroles mauvaises	2
pâte cuite	2
patience angélique	2
peau fine	2
peau rude	2
perceptions municipales	2
perles laiteuses	2
persiennes continues	2
peur atroce	2
peur vague	2
poches pleines	2
poing fermé	2
poings serrés	2
poissons blancs	2
portail latéral	2
pourpre sombre	2
précautions infinies	2
professeur libre	2
propreté excessive	2
quartier Latin	2
raies bleues	2
rancune terrible	2
réponse définitive	2
résolution extrême	2
rire nerveux	2
rire tendre	2
riz plein	2
robe bleue	2
rognures bleues	2
rues grasses	2
semaine dernière	2
société secrète	2
soie noire	2
soleil oblique	2
soupers fins	2
sourire triste	2
surexcitation nerveuse	2
système administratif	2
tabletière brune	2
tablier bleu	2
taches rouges	2
taches sombres	2
tête pleine	2
tignasse noire	2
transparent laiteux	2
veau piqué	2
velours bleu	2
velours noir	2
ventre serré	2
veste écossaise	2
viande gâtée	2
viandes crues	2
vie nouvelle	2
violet sombre	2
visage muet	2
vitres dépolies	2
voix douce	2
voix fluette	2
voix flûtée	2
voix forte	2
voix froide	2
voix mauvaise	2
voix rauque	2
voix sourde	2
voix tranquille	2
yeux clairs	2
yeux étonnés	2
yeux luisants	2
yeux sévères	2
* *	1
ablettes communes	1
abondance surprenante	1
abord heureux	1
abricots cadavéreux	1
acajou noir	1
admiration envieuse	1
adversaire systématique	1
affaire convenue	1
affaires louches	1
affaires véreuses	1
agonie affreuse	1
aigreurs jalouses	1
ailes terrible	1
air ardent	1
air béat	1
air blanc	1
air confus	1
air défiant	1
air discret	1
air doux	1
air effaré	1
air envieux	1
air fâché	1
air fin	1
air frileux	1
air furibond	1
air gai	1
air gaillard	1
air hardi	1
air important	1
air innocent	1
air large	1
air las	1
air maussade	1
air nauséabond	1
air pensif	1
air placide	1
air préoccupé	1
air profond	1
air prudent	1
air renfermé	1
air riant	1
airs mystérieux	1
air songeur	1
air soupçonneux	1
air souriant	1
air surpris	1
air tiède	1
air tranquille	1
alcôve moite	1
algues marines	1
algues profondes	1
algues vaseuses	1
alibi moral	1
allée étroite	1
allées étroites	1
allées fraîches	1
allées puantes	1
allées ruisselantes	1
allure continue	1
allures lentes	1
allures mystérieuses	1
allusions continuelles	1
ambitions mortes	1
âme juste	1
amie intime	1
amies intimes	1
amitié particulière	1
amitié vive	1
amoncellements vagues	1
amour mystique	1
Amours joufflus	1
anglaise fine	1
angle obscur	1
angoisse nerveuse	1
angoisses nerveuses	1
animal superbe	1
animaux méfiants	1
année dernière	1
année mauvaise	1
année suivante	1
anxiétés nerveuses	1
apaisement absolu	1
appas prodigieux	1
approche tendre	1
après-midi ardentes	1
après-midi brûlantes	1
après-midi tièdes	1
âpreté marine	1
aquarelle tendre	1
aquarium carré	1
arbres fruitiers	1
architecture bâtarde	1
architectures imprévues	1
ardeurs sensuelles	1
arêtes fines	1
arêtes minces	1
argent gros	1
argent nécessaire	1
argent sonnant	1
arguments contradictoires	1
arôme rude	1
arômes rudes	1
arrivage continu	1
art ancien	1
artiste impuissant	1
art original	1
aspect blanchâtre	1
aspects divers	1
assiette pleine	1
assoupissement ventru	1
attaque brusque	1
attaque rude	1
attention profonde	1
attitude calme	1
attitude décente	1
attitude hostile	1
attitude molle	1
attitude prudente	1
attitude ramassée	1
auberge inconnue	1
aubes claires	1
auge étroite	1
autorité incontestée	1
avenir solide	1
aventures extraordinaires	1
avenue plate	1
avenues découvertes	1
axiomes tranchants	1
bâche ronde	1
baguiers carrés	1
baiser fraternel	1
baiser idyllique	1
baisers rouges	1
baisers sonores	1
bancs inclinés	1
bandeaux plats	1
bandes armées	1
bandes insurrectionnelles	1
bandes roses	1
bandes rouges	1
barres noires	1
bas bleus	1
basses sourdes	1
béatitude parfaite	1
béatitude particulière	1
beau-frère entrant	1
beauté hardie	1
becs féroces	1
bénéfice quelconque	1
besogne quotidienne	1
besoin goguenard	1
besoin irrésistible	1
bête immonde	1
bête méfiante	1
bête satisfaite	1
bêtes sensuelles	1
beurre énormes	1
bien bon	1
bienveillances molles	1
bière étroite	1
bigarrure blanche	1
bijou nouveau	1
bijouterie fine	1
bijoux barbares	1
bijoux chers	1
biscuits symétriques	1
blancheur rose	1
blancheurs glacées	1
blancheurs mates	1
blancheurs vives	1
blancheur transparente	1
blancheur vierge	1
bleuissement tendre	1
bleu pâle	1
bleu sombre	1
bleu tendre	1
blonde paresseuse	1
blondeur rose	1
blouses bleues	1
blouses propres	1
bocaux pleins	1
bœuf solides	1
bohémienne noire	1
boiseries dorées	1
boiseries intérieures	1
bois noueux	1
bois odorants	1
bois pleines	1
bois touffu	1
boîte mince	1
boîtes plates	1
bonhomme joli	1
bonjour matinal	1
bonnet blanc	1
bonté brusque	1
bonté idéale	1
bonté même	1
bosses noueuses	1
bosses sombres	1
bottines boueuses	1
bouche ardente	1
bouche énorme	1
bouche humide	1
bouche pure	1
bouche rouge	1
bouches fendues	1
bouche tordue	1
boucles blondes	1
boudin chaud	1
boudin froid	1
boudins noirs	1
boue horrible	1
bouffées puissantes	1
bouillies grasses	1
bouillons crevés	1
boulevards extérieurs	1
bouquet final	1
bouquets blancs	1
bouquets féroces	1
bouquets rouges	1
bouquet tiède	1
bourgeois empâtés	1
bourgeron bleu	1
bourgerons bleus	1
boutiques modernes	1
boutique sombre	1
boutiques rouges	1
boutiquier parisien	1
bout noir	1
bout populeux	1
bouts noirs	1
boyau noir	1
boyau vide	1
bracelets monstrueux	1
branche sèche	1
branches épaisses	1
branches sèches	1
branle furieux	1
bras croisés	1
bras droit	1
bras énormes	1
brasier triomphal	1
bras invisibles	1
bras libres	1
bras royaux	1
brassards rouges	1
bras seuls	1
bras tendu	1
briques blanches	1
brocs pleins	1
bronze florentin	1
brosses rudes	1
brouhaha confus	1
broussaille noire	1
bruit énorme	1
bruit furieux	1
bruits assourdissants	1
bruits roulants	1
bruit terrible	1
bruit vague	1
brunissures verdâtres	1
brutalité atroce	1
brute blonde	1
buée nauséabonde	1
buée pestilentielle	1
buste haut	1
cabas noir	1
cabas vide	1
cabinet noir	1
cabine vitrée	1
cachemire noir	1
cadeaux acceptables	1
cadre aimable	1
cadres dorés	1
cadres ovales	1
café borgne	1
cageaux pleins	1
caisses suspectes	1
calotte noire	1
camélia blanc	1
campagne accidentée	1
campagne bourdonnante	1
canadas sanguines	1
capote rose	1
capotes roses	1
caprice gigantesque	1
caquetage confus	1
caraco noir	1
caracos noirs	1
caractère aigu	1
caractère faible	1
caresse béate	1
caresses chatouillantes	1
caricatures étrangères	1
carmin vif	1
carotte crue	1
carreaux blancs	1
carreaux bleus	1
carreaux rouges	1
carrés verts	1
carrure correcte	1
carrure digne	1
cas difficiles	1
casernes basses	1
cases distinctes	1
casseroles profondes	1
catastrophe vague	1
cause commune	1
causes possibles	1
cave humide	1
cave nauséabonde	1
caves voisines	1
chaînes longues	1
chair blonde	1
chair commune	1
chair exquise	1
chair fine	1
chair humaine	1
chair paisible	1
chair rose	1
chair saignante	1
chairs blanches	1
chairs légères	1
chairs molles	1
chairs régulières	1
chairs suspectes	1
chairs tournées	1
chairs vivantes	1
chairs vives	1
chaise basse	1
chaises renversées	1
chaleur dévote	1
chaleur vivante	1
chambre sombre	1
chambre virginale	1
chanson aiguë	1
chanson continue	1
chanson libre	1
chant aigu	1
chant clair	1
chant discret	1
chant large	1
chapeau douteux	1
chapeau rose	1
chapelles ardentes	1
chaperon écarlate	1
char barbare	1
charcuterie courante	1
charcuterie fraîche	1
charcuterie gâtée	1
charcuterie rêvée	1
charcuteries douteuses	1
charcuterie vide	1
charcutier bon	1
charcutière stupéfaite	1
charge énorme	1
chariots jaunes	1
charité humaine	1
charme barbare	1
châtaigniers couperosées	1
chat défiant	1
châtelaines romantiques	1
chaussée périlleuse	1
chaussée vide	1
chauves-souris charnues	1
chemise bleue	1
chemises usées	1
chêne verni	1
chère grande	1
chevaux immobiles	1
chevelures blanches	1
cheveux blancs	1
cheveux bleus	1
cheveux crépus	1
cheveux ébouriffés	1
cheveux frisottants	1
cheveux gris	1
cheveux longs	1
chien perdu	1
chiffons noirs	1
chiffres noirs	1
chignon haut	1
chignon serré	1
chipotage bavard	1
chope pleine	1
chose rare	1
choses abominables	1
choses compromettantes	1
choses confuses	1
choses délicates	1
choses douces	1
choses exquises	1
choses fondantes	1
choses grasses	1
choses graves	1
choses immondes	1
choses impossibles	1
choses neuves	1
choses tendres	1
choses terribles	1
choucroute jaune	1
choux aigres	1
choux blancs	1
choux frisés	1
choux rouges	1
choux superbes	1
ciel brûlant	1
ciel clair	1
ciel étoilé	1
ciel gris	1
ciel laiteux	1
ciel libre	1
ciel pâle	1
circonstance dramatique	1
cire tombée	1
cité républicaine	1
cité tumultueuse	1
clameur rauque	1
clameur roulante	1
clarté brusque	1
clarté jaune	1
clarté louche	1
clartés chaudes	1
clartés dansantes	1
clartés intérieures	1
clarté vivante	1
clarté vive	1
classe puante	1
clique bonapartiste	1
cloches muettes	1
cocardes saignantes	1
cochonneries gâtées	1
cœur gros	1
cœur net	1
cœurs éclatants	1
cœurs ouverts	1
coin étroit	1
coin noir	1
colère froide	1
colère terrible	1
collerette propre	1
colonnes jaunes	1
colosse innocent	1
cols verdâtres	1
commérages énormes	1
complaisance inépuisable	1
complaisances infinies	1
complications fâcheuses	1
compotiers pleins	1
compte ouvert	1
confessionnaux fermés	1
confidences maçonniques	1
conscience inquiète	1
conscience tranquille	1
consommation chère	1
contentement inespéré	1
Contrat social	1
contrées lointaines	1
contributeurs suivants	1
conversation dolente	1
convois pareils	1
coquetterie maladroite	1
corail rose	1
corbeilles carrées	1
cordons continus	1
cornes grasses	1
corps blond	1
corps législatif	1
corps puissant	1
corsage plein	1
corsages pleins	1
côtelette panée	1
côté même	1
côte nouvelle	1
côté pittoresque	1
côtés intérieurs	1
cou blanc	1
couchant mortes	1
couche moelleuse	1
coudes aigus	1
coudes troués	1
couenne rouge	1
couenne rougeâtre	1
cou gonflé	1
couleur jaune	1
couleurs intenses	1
couleurs irritées	1
couleurs précieuses	1
couleurs symétriques	1
couleuvres bonnes	1
couloirs aériens	1
cou long	1
coup décisif	1
coup nouveau	1
coupons plissés	1
coups lents	1
coups nerveux	1
coups réguliers	1
coups secs	1
cou puissant	1
courant perpétuel	1
courbes élégantes	1
courbes molles	1
courses vaines	1
cous gonflés	1
cousine germaine	1
couteaux étroits	1
coutil gris	1
crâne vide	1
crapule seule	1
cravates roses	1
créature fantasque	1
crème blanche	1
crevettes grises	1
crevettes roses	1
cris affreux	1
cris prolongés	1
cris subits	1
crottin chaud	1
cuir noirâtre	1
cuisine chaude	1
culottes percées	1
culs noirs	1
curiosité croissante	1
curiosités gourmandes	1
cuves infectes	1
dalle froide	1
dalles usées	1
dame veuve	1
danger pressant	1
débauche bourgeoise	1
déchirements saignants	1
déchirures grises	1
décoration révolutionnaire	1
déesses grecques	1
déjection politique	1
déjeuner monstre	1
déjeuners délicats	1
démarche officielle	1
dénoûment brutal	1
dénoûment terrible	1
dentelles noires	1
dents blanches	1
dépenses folles	1
dépenses nouvelles	1
dernières dévotes	1
désapprobation muettes	1
désespoir immense	1
désespoirs brusques	1
désirs inassouvis	1
despotisme triomphant	1
dessert éternel	1
dessin flatteur	1
dessin noyé	1
dessins compliqués	1
dessins réguliers	1
détails minutieux	1
détraquement lent	1
devoir même	1
diables déguenillés	1
diables roses	1
difficultés morales	1
digestion large	1
dignité muette	1
dimanches futurs	1
disciple docile	1
discussion politique	1
discussions ardentes	1
discussions politiques	1
disques antiques	1
doigts allongés	1
doigts blancs	1
doigts déliés	1
doigts enflés	1
doigts horribles	1
doigts pleins	1
doigts potelés	1
doigts rapides	1
doigts ventrus	1
domaine public	1
données indiscutables	1
dorades grasses	1
dorures sévères	1
dos énorme	1
dos innocent	1
dos noirâtres	1
dos renversé	1
dos superbes	1
dos tourné	1
douceur écœurante	1
douceur enfantine	1
douceur flamandes	1
douceur fondante	1
douceur molle	1
douceur obéissante	1
douceurs chlorotiques	1
douceurs fades	1
douceurs infinies	1
douceur soyeuse	1
douceur transparente	1
douleur folle	1
douleur muette	1
dragées cassées	1
drame humain	1
drap blanc	1
drapeaux carrés	1
draperie rouge	1
drap noir	1
draps bons	1
drap vert	1
duvet chaud	1
duvet roussâtre	1
eau bénite	1
eau bouillante	1
eau claire	1
eau dormante	1
eau grise	1
eau jaune	1
eau pure	1
eau verte	1
eaux courantes	1
eaux grasses	1
eaux mortes	1
eaux noires	1
eaux ruisselantes	1
éboulement continu	1
éboulement sourd	1
échalas envieux	1
échappées brusques	1
échine grise	1
échines bleuâtres	1
échines grises	1
échines rondes	1
écho lointain	1
éclaboussures blanchâtres	1
éclairs rouges	1
éclat extraordinaire	1
écrasement continu	1
écriture ronde	1
édition électronique	1
éducation démagogique	1
effort désespéré	1
effort suprême	1
effronterie rare	1
émaux cloisonnés	1
emmanchement puissant	1
émotion croissante	1
émotion politique	1
emploi charitable	1
emploi dramatique	1
encoignure droite	1
endroit délicat	1
enfance exquise	1
enfantement heureux	1
enfant heureux	1
enfant impossible	1
enfant maladif	1
enfants gouailleurs	1
enfants très-malheureux	1
enfant terrible	1
enfoncement crépusculaire	1
enfoncement sombre	1
enjambées régulières	1
enlacements monstrueux	1
ennui vague	1
enseigne rouge	1
enseignes violentes	1
entente absolues	1
entente tacite	1
entêtement muet	1
entrée brutale	1
envie mesquine	1
envie sourde	1
envies sourdes	1
envie terrible	1
épaisseurs noires	1
épanouissement charnu	1
épanouissement magistral	1
épaules apoplectiques	1
épaules dédaigneuses	1
épaules énormes	1
épaules maigres	1
épaules rondes	1
épaules sèches	1
épaules superbes	1
épingle noire	1
équilles minces	1
escalier roide	1
escalier tournant	1
esprit ardent	1
esprit méthodique	1
estomac étroit	1
estomac rétréci	1
estomac vide	1
établissement surchauffé	1
étages étroits	1
étage supérieur	1
étalage brutal	1
étalage frais	1
étalage roulant	1
étalages fades	1
état pareil	1
état pitoyable	1
étoffe interminables	1
étoffes rouges	1
étoiles jaunes	1
étoiles rouges	1
être charmant	1
être entier	1
être jeune	1
éventail noir	1
éventails moirés	1
examen lent	1
expédition aventureuse	1
expression implacable	1
façade ensoleillée	1
face douce	1
face épaisse	1
face large	1
face rasée	1
face rongée	1
face rouge	1
face sombre	1
faces rouges	1
façon amicale	1
façon délicieuse	1
façon désordonnée	1
façon exagérée	1
façon exquise	1
façon extraordinaire	1
façon habile	1
façon inquiétante	1
façon interminable	1
façon longue	1
façon maçonnique	1
façon malapprise	1
façon méprisante	1
façon molle	1
façon professorale	1
façon sérieuse	1
faïence blanches	1
faïences communes	1
faims aimables	1
faims matinales	1
faisans magnifiques	1
fait convenable	1
fait déshonorantes	1
fait idiot	1
fait inconvenant	1
fait intéressant	1
fait révolutionnaires	1
fait ridicule	1
fait souterraine	1
fait sûre	1
falaises grises	1
famille honorable	1
familles méridionales	1
fanal rouge	1
fange liquide	1
fantaisie exquise	1
farces atroces	1
faux corail	1
félicité complète	1
félicité pareille	1
femme blonde	1
femme brune	1
femme cassée	1
femme grasse	1
femme heureuse	1
femme intelligente	1
femme jaune	1
femme naissante	1
femmes aimables	1
femmes énormes	1
femme sévère	1
femmes maigres	1
femmes rieuses	1
femmes seules	1
femme très-honnête	1
femme vaillante	1
fenêtres étroites	1
fenêtres luisantes	1
fenêtres poussiéreuses	1
fenêtres supérieures	1
fermentations âcres	1
fer rouge	1
ferrures terribles	1
fer souterrain	1
fêtes intimes	1
feu ardent	1
feuillages interminables	1
feuilles écrasées	1
feuilles sèches	1
feuilles vertes	1
feuilles volantes	1
feutre noir	1
fichu jaune	1
fichu rouge	1
fierté inquiète	1
fierté maladive	1
fièvre cérébrale	1
fièvres politiques	1
figure calme	1
figure lavée	1
figure noire	1
figure rêveuse	1
figure rose	1
figure rougeaude	1
figures géométriques	1
figure sombre	1
figure terreuse	1
figure triste	1
file demi-circulaire	1
files interminables	1
filet mince	1
filets délicats	1
filets rouges	1
fille amoureuse	1
fille brune	1
fille grave	1
fille rousse	1
filles désespérées	1
fil mouillé	1
fioles claires	1
flamme courte	1
flamme haute	1
flammes bleue	1
flammes bleues	1
flammes claires	1
flammes jaunes	1
flamme sourde	1
flammes roses	1
flammes vives	1
flancs luisants	1
flancs serrés	1
flanelle voyante	1
flânerie continuelle	1
flâneries légendaires	1
flâneur insouciant	1
flaques sombres	1
fleur malsaine	1
fleurs artificielles	1
fleurs puantes	1
floraison énorme	1
floraisons superbes	1
flot continu	1
flot gras	1
flots pressés	1
flûte champêtre	1
foies saignants	1
fois enfantine	1
fois joyeux	1
fois maternelle	1
fond bleu	1
fond rougeâtre	1
fonds suspects	1
fond vert	1
fonte pâle	1
fonte vernie	1
forçat évadé	1
force surhumaine	1
force terrible	1
formation complète	1
formes grises	1
fortune considérable	1
fortune libre	1
fou furieux	1
foulard jaune	1
foulard noir	1
fraîcheur douce	1
francs mensuels	1
frange riche	1
franges grises	1
franges riches	1
frisson nerveux	1
frisson religieux	1
frisson sonore	1
friture bouillante	1
froideur magistrale	1
froideur maussade	1
froid humide	1
frôlement doux	1
frôlement tiède	1
fromages laiteux	1
front brûlant	1
front pensif	1
fruits éclatants	1
fruits secs	1
fruits superbes	1
fumée blanche	1
fumée fade	1
fumée forte	1
fumée minces	1
fumées brusques	1
fumées chaudes	1
fumées mauvaises	1
fumées rousses	1
fumet amer	1
fumet violent	1
furie nouvelle	1
futaie séculaire	1
fût sec	1
gaieté immodérée	1
gaieté insolente	1
gaieté ronde	1
gaietés blondes	1
gaietés grasses	1
galeries désertes	1
gamme étrange	1
gammes savantes	1
gant rouge	1
gants blancs	1
gants noirs	1
gants sombres	1
garçon doux	1
garçon jardinier	1
garçon osseux	1
garçon pâle	1
gare moderne	1
gargotes louches	1
garnis louches	1
gâteaux secs	1
gazouillement plaintif	1
gelée trouble	1
gens dangereux	1
gens habiles	1
gens heureux	1
gens innocents	1
gens malheureux	1
gens perdus	1
gerbe blanche	1
geste adorable	1
gilet rouge	1
glace carrée	1
glaces claires	1
glaïeuls fauves	1
gobelets épais	1
godiveaux ordinaires	1
gorge libre	1
gorge moirée	1
gorges prodigieuses	1
gosier séché	1
gouvernement futur	1
gouvernement possible	1
grâce frissonnante	1
grâce merveilleuse	1
grâce originale	1
grâce parisienne	1
grâces étudiées	1
grain serré	1
graisse naissante	1
graisses transparentes	1
grandeur froide	1
grappes lourdes	1
grattement furieux	1
gravité décisive	1
gravité ordinaire	1
grecque rouge	1
gredins seuls	1
grilles crevées	1
grimace abominable	1
gris sale	1
gris verdâtre	1
grondement continu	1
grondins roses	1
grosse bête	1
grosse nouvelle	1
grosses sainte	1
grossissements formidables	1
grottes marines	1
grouillement confus	1
grouillements confus	1
groupe attentif	1
groupe prêt	1
groupes hostiles	1
gueule tendue	1
guignes noires	1
guimpe blanche	1
guipure blanche	1
guipures blanches	1
guipures grises	1
habillement complet	1
habit noir	1
habitude douce	1
hacheuse mécanique	1
haies épaisses	1
haies vives	1
haines froides	1
haleine chaude	1
haleine forte	1
haleine fraîche	1
haleine lente	1
haleines gâtées	1
haleines liquoreuses	1
hanches dorées	1
hanches hautes	1
hareng saur	1
herbes mortes	1
heure grave	1
heure matinale	1
heures entières	1
heures libres	1
heures stériles	1
histoire complète	1
histoire naturelle	1
histoires scandaleuses	1
homme brutal	1
homme chauve	1
homme dangereux	1
homme désintéressé	1
homme discret	1
homme distingué	1
homme ignorant	1
homme laid	1
homme pâle	1
homme pareil	1
homme sage	1
hommes solides	1
hommes suspects	1
hommes très-capables	1
honnêteté moyenne	1
honnêteté pure	1
hoquets silencieux	1
horizon changeant	1
horreur affreuse	1
horreur exquise	1
horreur vivante	1
hostilité ouverte	1
hostilité sourde	1
housses blanches	1
huiles aromatiques	1
humeur égale	1
humeur inaltérable	1
humeurs froides	1
humidité fraîche	1
humidité infecte	1
humidité nauséabonde	1
idée exacte	1
idée intense	1
idée mauvaise	1
idée mystérieuse	1
idées violentes	1
idole saine	1
idoles chinoises	1
idylle effrontée	1
immensité glauque	1
importance énorme	1
impôt impopulaire	1
impression terrible	1
indifférence suprême	1
indigestion formidable	1
indigestion générale	1
indiscrétions dangereuses	1
inflexions canailles	1
injures graveleuses	1
injustice révoltante	1
inquiétude mortelle	1
inquiétude nerveuse	1
inquiétudes nerveuses	1
inquiétude sourde	1
inquiétudes sourdes	1
instant soucieuse	1
intelligence nulle	1
intérêt immédiat	1
intérêt scandaleux	1
invention nouvelle	1
ironie amère	1
ivoire mat	1
ivrognesse affreuse	1
jalousie particulière	1
jalousie sourde	1
jambes ballantes	1
jambes cassées	1
jambes maigres	1
jambes molles	1
jambes trempées	1
jambonneaux désossés	1
jambons entiers	1
jardinières colossales	1
jaune infâme	1
jet rude	1
jet souple	1
jets roides	1
jeu favori	1
jeux favoris	1
joie aiguë	1
joie discrète	1
joie mauvaise	1
joie pure	1
joies amères	1
joies chatouillantes	1
joies vibrantes	1
joue gauche	1
joues débordantes	1
joues rosées	1
jouissance particulière	1
jouissances saines	1
jour Muche	1
journaux aimables	1
journées humides	1
journées vides	1
journée vide	1
jours meilleurs	1
jours seule	1
jugements positifs	1
jupe éclatantes	1
jupe grise	1
jupes folles	1
jupes impudentes	1
jupes noires	1
jupes pleurardes	1
jupes raides	1
jus fort	1
lâcheté heureuse	1
lâcheté molle	1
lacs morts	1
ladres blêmes	1
lainage noir	1
lait caillé	1
lambris doré	1
lampe charbonneuse	1
langouste cuite	1
langoustes épineuses	1
langoustes vivantes	1
langue fourrée	1
langue rouge	1
langues malades	1
langues rouges	1
lanternes vénitiennes	1
lapin blanc	1
lapins vivants	1
laque verte	1
lards maigres	1
larmes discrètes	1
larmes jaunes	1
larmes pâles	1
lassitude heureuse	1
légendes miraculeuses	1
légèreté hindoue	1
légèreté noire	1
légèretés molles	1
lèvres blanches	1
lèvres douloureuses	1
lèvres graves	1
lèvres minces	1
lèvres seules	1
lèvres souffrantes	1
lèvres trapues	1
lèvres tremblantes	1
lièvres roux	1
ligne nette	1
lignes confuses	1
lignes interminables	1
ligne sombre	1
lignes rondes	1
lilas blanc	1
limandes jaunes	1
limpidité exquise	1
linges blancs	1
liqueurs inconnues	1
lit colossal	1
lit délicat	1
lit énorme	1
lit immense	1
lit profond	1
lits profonds	1
lit vide	1
livre électronique	1
livres politiques	1
local différent	1
loges noires	1
Logre seul	1
loi humanitaire	1
loi humanitaires	1
longs manches	1
longueur extraordinaire	1
loques noires	1
lot énorme	1
lourdeurs molles	1
lueur blanche	1
lueur claire	1
lueur fauve	1
lueur jaune	1
lueur pâle	1
lueur rose	1
lueur rouge	1
lueurs flambantes	1
lueurs roses	1
lueurs rouges	1
luisants aigus	1
lumière matinale	1
lutte intérieure	1
luxe bourgeois	1
machine colossale	1
machine moderne	1
mâchoire saillante	1
mâchoires colossales	1
mâchoires tendues	1
Macquart rangée	1
madame Hutin	1
madriers verts	1
magasins obscurs	1
Maigres désespérés	1
Maigre surprenant	1
maigreur blême	1
maigreur perverse	1
mailles fines	1
main brutale	1
main calme	1
main douce	1
main lente	1
main misérable	1
main ouverte	1
mains adorables	1
mains bleues	1
mains chaudes	1
mains croisées	1
mains humides	1
main silencieuse	1
mains lavées	1
mains propres	1
mains rouges	1
mains rudes	1
mains sales	1
mains sèches	1
main vide	1
maison branlante	1
maison décrépite	1
maison neuve	1
maisons basses	1
maisons grises	1
maisons renommées	1
maisons ventrues	1
majorité écrasante	1
majuscules rouges	1
maladie honteuse	1
malaise nerveux	1
malaises nerveux	1
malaise vague	1
malheur immérité	1
malheur suprême	1
mal infini	1
manche blanche	1
manche bleue	1
manches blanches	1
manches courts	1
manchettes éblouissantes	1
mangeoire colossale	1
mangeoire confortable	1
manifeste artistique	1
mannes rondes	1
mansardes voisines	1
manteau vénitien	1
marbre ancien	1
marbre rose	1
marchandes fades	1
marché entier	1
marches grasses	1
marée humide	1
mares sanglantes	1
mariage libre	1
mari muet	1
marmaille terrible	1
marmites trapues	1
marrons glacés	1
masse fondante	1
masse grise	1
masse implacable	1
masse inerte	1
masse noire	1
masses géométriques	1
masse verte	1
masures branlantes	1
matinées entières	1
matinées pluvieuses	1
matin même	1
mâture prodigieuse	1
mèches rouges	1
médaillons symétriques	1
mélancolies blanchâtres	1
membres souples	1
ménagements maternels	1
mensonge laborieux	1
menton rasé	1
mère adoptive	1
mère commune	1
mérinos noir	1
mer maudite	1
mer montante	1
mers grises	1
messieurs suspects	1
mesures morales	1
métal crevé	1
métal pâle	1
milieu grossier	1
milieu surchauffé	1
mine blonde	1
mine chagrine	1
mine gaillarde	1
mine heureuse	1
mine rose	1
mines délurées	1
mines hypocrites	1
mines princières	1
mine tendre	1
miroir clair	1
missions imaginaires	1
mœurs paisibles	1
moineaux insouciants	1
moire verdâtre	1
moisson odorante	1
mois suivant	1
moitié joyeuse	1
mollesse caressante	1
monde entier	1
monde gras	1
monde turbulent	1
monsieur superbe	1
monsieur Verlaque	1
Montreuil rougissantes	1
mont Valérien	1
Mont-Valérien seul	1
monument original	1
morte inconnue	1
morue roulée	1
morues roulées	1
moteur mécanique	1
mots cruels	1
mots gras	1
mots gros	1
mots orduriers	1
moue grave	1
moue méprisante	1
moules cuites	1
mousseline blanche	1
moutons entiers	1
moutons rouges	1
mouvement insurrectionnel	1
mouvement populaire	1
mouvement régulier	1
mouvement révolutionnaire	1
mouvement uniforme	1
moyens nécessaires	1
murmure doux	1
murs compacts	1
murs énormes	1
murs sales	1
museau noir	1
museau rusé	1
nacre changeante	1
naïveté cruelle	1
nappe mouvante	1
nappes grises	1
nappes mouvantes	1
nappes régulières	1
nappes tombantes	1
narines roses	1
natures honnêtes	1
nécessités luxueuses	1
neige dansante	1
nénuphars vaseux	1
nervures délicates	1
netteté enfantine	1
nez allongés	1
nez fin	1
nez maigre	1
nez subits	1
nœuds rapides	1
nœuds saillants	1
nœuds vagues	1
noir superbe	1
nombre considérable	1
nombre incalculable	1
note juste	1
notes terribles	1
nourritures débordantes	1
nouvelles inquiétantes	1
nuages sales	1
nudité discrète	1
nuée lourde	1
nuit chaude	1
nuit épaisse	1
nuit précédente	1
nuits brûlantes	1
nuits claires	1
nuits noires	1
nuit terrible	1
nuit tombée	1
numéro jaune	1
objet nouveau	1
objets étranges	1
observation excellent	1
occasion suffisante	1
occupation chère	1
odeur âcre	1
odeur aromatique	1
odeur discrète	1
odeur douce	1
odeur douceâtre	1
odeur exquise	1
odeur fade	1
odeur grasse	1
odeur infecte	1
odeur liquoreuse	1
odeur molle	1
odeur pure	1
odeur saine	1
odeurs épaisses	1
odeurs fades	1
odeurs gâtées	1
odeurs irritantes	1
odeurs suspectes	1
odeur suspecte	1
odeur terrible	1
œil blanc	1
œil faux	1
œil furtif	1
œillets blancs	1
œil morne	1
œil réguliers	1
œil saignant	1
œil significatif	1
œil unique	1
œuvre crâne	1
œuvres solides	1
oie grasse	1
oies rondes	1
oignons blancs	1
ombre frémissante	1
ombre humide	1
ombre pâle	1
ombres colossales	1
ombres délicates	1
ombre silencieuse	1
ombre sournoise	1
ombre verdâtre	1
ongles roses	1
ongles saignants	1
ongles vifs	1
opinion générale	1
opinions politiques	1
ordures plein	1
oreilles bourdonnantes	1
oreilles sonnantes	1
oreille très-attentive	1
organe central	1
or massif	1
or volante	1
ouïes saignantes	1
page glacée	1
pages entières	1
pages volantes	1
paille fraîche	1
paille noire	1
pain chaud	1
pain sec	1
pains longs	1
paix absolue	1
paix heureuse	1
paix honnête	1
paix lourde	1
paix provinciale	1
paletot gras	1
paletot marron	1
paletots noirs	1
pâleur admirables	1
pâleurs blondes	1
pâmoison muette	1
pampres fraîches	1
panachures vives	1
panier plat	1
paniers bas	1
paniers carrés	1
paniers propres	1
paniers rouges	1
panneau entier	1
panneaux latéraux	1
pans rouges	1
pantalon collant	1
pantalon noir	1
pantalon noirs	1
pantalon tombant	1
papier fort	1
papier graisseuse	1
papier jaunes	1
pardessus marron	1
parfum frais	1
parfum persistant	1
parfums distincts	1
parfums rudes	1
paroles aigres	1
paroles ordurières	1
paroles sourdes	1
partie finie	1
parures inouïes	1
pâte grasse	1
pâté rouge	1
patriotes malheureux	1
patte cassée	1
pattes cassées	1
pattes pendantes	1
paupière sanguinolente	1
paupières battantes	1
pauvre folle	1
pauvre gros	1
pauvre mobilier	1
pauvre Quenu	1
pauvres bêtes	1
pauvres petites	1
pauvre vieux	1
pavé gras	1
pavés sales	1
pavillons vides	1
payement quelconque	1
pays charmant	1
pays ennemi	1
pays environnant	1
pays féerique	1
peau blanche	1
peau fraîche	1
peau laineuse	1
peau mince	1
peaux différentes	1
pêche fluviale	1
pêches soyeuses	1
peine croyable	1
peine croyables	1
peine frissonnantes	1
peine mûre	1
peines infinies	1
peintures poitrinaires	1
pelouse centrale	1
pensée charnelle	1
pensée jaune	1
pensée secrète	1
perdrix mouchetées	1
perles noires	1
persiennes fermées	1
persiennes flexibles	1
persiennes transparentes	1
personnage chauve	1
personnage gros	1
personnes chanceuses	1
petite bonne	1
petits secrets	1
peuple dévot	1
peur délicieuse	1
peur inavouée	1
phrase aimable	1
phrase musicale	1
phraséologie officielle	1
phrase rude	1
phrases faciles	1
phrases vides	1
phrase vigoureuse	1
piaillements intolérables	1
pièce blanche	1
pièce étroite	1
pièce voisine	1
pieds blancs	1
pieds endoloris	1
pieds menus	1
pieds tranquilles	1
pierres blanches	1
pierres mouillées	1
pierres sombres	1
piqûres mauvaises	1
place Sainte-Opportune	1
placidité bourgeoise	1
plaie saignante	1
plaines grasses	1
plaines riantes	1
plaisir honnête	1
plaisir infini	1
plaisir personnel	1
planches rondes	1
plante saine	1
plantes officinales	1
plaques bleues	1
plaques tournantes	1
plat ovale	1
plat rond	1
plats ronds	1
plénitude solide	1
plomb fondu	1
pluie ardente	1
pluie fine	1
plumes légères	1
plumes noires	1
poches percées	1
poètes humanitaires	1
poigne solide	1
poignet souple	1
poil ébouriffé	1
poil roussâtre	1
poils blancs	1
poing maigre	1
poings nerveux	1
poings sales	1
pointe aigrelette	1
pointe fraîche	1
pointe rapides	1
pointes alcalines	1
point faible	1
poires pendantes	1
pois jaunes	1
poisson commun	1
poisson complet	1
poisson frais	1
poissonnerie triomphante	1
poissonnières classiques	1
poissonnière voisine	1
poisson pourri	1
poissons plats	1
poissons vivants	1
poitrine blanche	1
poitrine charnue	1
poitrine étroite	1
poitrines grasses	1
poitrine trouée	1
police impériale	1
police secrète	1
politesse stricte	1
politique bavarde	1
pommade vides	1
pommes fraîches	1
pommes ridées	1
pommes tapées	1
pompons verts	1
pompon vert	1
ponts volants	1
popeline écarlate	1
porcelaine blanche	1
porcelaine transparente	1
porte basse	1
porte grande	1
porte haute	1
porte ouverte	1
portes ouvertes	1
porteurs sales	1
porte vitrée	1
porte-voix gigantesques	1
position ridicule	1
positions pareilles	1
poste voisin	1
potirons orangés	1
pot plein	1
pots cassés	1
poulets gras	1
poupée neuve	1
poussière volante	1
précautions minutieuses	1
préférences artistiques	1
premiers froids	1
prix inestimable	1
probité aisée	1
professeur râpé	1
profil énorme	1
profil mince	1
profil noir	1
profil sérieux	1
profils grisâtres	1
profils muets	1
profil sombre	1
profondeurs grises	1
propreté dévote	1
prospérité publique	1
provisions formidables	1
prunes transparentes	1
puanteur insupportable	1
puanteurs voisines	1
Puanteur vague	1
puretés adorables	1
quantité prodigieuse	1
quartier paresseux	1
quartier populeux	1
quartiers distincts	1
quartiers lointains	1
quartiers pauvres	1
Quenu blême	1
Quenu seul	1
querelle affreuse	1
querelles épouvantables	1
question brusque	1
questions inquiètes	1
queue retroussée	1
queue roulée	1
queue rousse	1
queues courtes	1
queues molles	1
queues rayonnantes	1
queue tordue	1
radis noirs	1
radis roses	1
rage furieuse	1
rage impuissante	1
rage sourde	1
raies noires	1
râle furieux	1
rambourg avachies	1
ramiers roucoulants	1
rancune maladive	1
rancune mortelle	1
rayon oblique	1
rayons jaunes	1
rayons roses	1
réalisation immédiate	1
réchaud bas	1
recherche théorique	1
reconnaissance vague	1
récréations formidables	1
redingote lamentables	1
redingote mince	1
redingote noire	1
reflet blanc	1
reflet furtif	1
reflet grisâtre	1
reflets bleus	1
reflets métalliques	1
régal exquis	1
régals tendres	1
regard inquiet	1
regard lent	1
regard oblique	1
regards flamboyants	1
regards furibonds	1
regards louches	1
regards noirs	1
regards pointus	1
regards respectueux	1
regards sournois	1
régularité surprenante	1
reines coquettes	1
reinettes blondes	1
reins monstrueux	1
religion nouvelle	1
remplaçant intérimaire	1
rencontre singulière	1
renseignement précis	1
renseignements précis	1
rente viagère	1
répartition nouvelle	1
réponse fâcheuse	1
réponse prête	1
reprise suffocante	1
reproche muet	1
résistance désespérée	1
résistance sourde	1
résultats appréciables	1
réunion habituel	1
rêvasseries sociales	1
rêve doux	1
rêve humanitaire	1
rêve intolérable	1
révélations brusques	1
révélation timide	1
rêveries inquiètes	1
revers gauche	1
rêve secret	1
révolte sourde	1
révolution politique	1
rideau vert	1
rideaux blancs	1
rides désespérées	1
rire effronté	1
rire inquiétant	1
rire insolent	1
rire intérieur	1
rire perlé	1
rires étouffés	1
rire sonore	1
rire sournois	1
rires perlés	1
robe blanche	1
robe neuve	1
robe noire	1
robes lamées	1
rognons violâtres	1
ronde inquiétante	1
rondeurs muettes	1
rondeurs scintillantes	1
rondeurs vigoureuses	1
ronflements lointains	1
ronflements sourds	1
rosaces compliquées	1
rose fluide	1
rose pâle	1
rose tendre	1
rose vif	1
roulement continu	1
roulement lointain	1
roulements continus	1
roussissures métalliques	1
routes voisines	1
rubans roses	1
rudesse alcaline	1
rudesse pestilentielle	1
rue Coquillière	1
rue déserte	1
rue large	1
ruelle étroite	1
ruelle noire	1
ruelles désertes	1
ruelles noires	1
ruelles régulières	1
rue nouvelle	1
rue Saint-Dominique	1
rues étroites	1
rues neuves	1
rues transversales	1
rue voisins	1
rumeur sourde	1
sacré gamin	1
sacs blancs	1
sacs grisâtres	1
saints patronymiques	1
saints rouges	1
salades maigres	1
salissure terne	1
salle fumeuse	1
salles immenses	1
salles sombres	1
sang glacé	1
sang rouge	1
santé claire	1
santé grasse	1
santé robuste	1
Sarriette drôle	1
Sarriette ravie	1
satin vert	1
satisfaction personnelle	1
saucisse plate	1
saucisses chaudes	1
saumons fumés	1
saumon superbe	1
saut formidable	1
savates traînantes	1
scélérat fini	1
scène épouvantable	1
scènes horribles	1
scepticisme politique	1
science soudaine	1
secousses sourdes	1
section superbe	1
seins naissants	1
seins superbes	1
seins vides	1
senteur fade	1
senteur grasse	1
senteur pénétrante	1
senteur pestilentielle	1
senteurs fortes	1
senteurs infectes	1
sentiers pierreux	1
sentiments conservateurs	1
sifflement inintelligible	1
silence bourdonnant	1
silence chaud	1
silence glacial	1
silence noir	1
silence plein	1
silhouettes sèches	1
sœur aînée	1
soie changeante	1
soie neuve	1
soie rose	1
soie tendre	1
soins tranquilles	1
soirée calme	1
soirées semblables	1
soldats ivres	1
soleil levant	1
soleil matinal	1
soleil superbe	1
soles pourries	1
sommeil lourd	1
somme nécessaire	1
sommes approximatives	1
sommes considérables	1
somnolence grasse	1
somnolence hébétée	1
songerie folle	1
songeries tendres	1
son lointain	1
son pur	1
souffle colossal	1
souffle fort	1
souffle frais	1
souffle plein	1
souffles âpres	1
souffles chauds	1
souffles fades	1
souffles frais	1
souffles infects	1
souffles nourrissants	1
souffles puants	1
souffrances imméritées	1
souliers lourds	1
souliers percés	1
soumission câline	1
soupe tranquille	1
soupirs étouffés	1
soupirs légers	1
souplesse grasse	1
sources différentes	1
source souterraine	1
sourire affable	1
sourire blême	1
sourire discret	1
sourire doux	1
sourire embarrassant	1
sourire intérieur	1
sourire pointu	1
sourire vague	1
souvenir doux	1
splendeur flambante	1
statues énormes	1
stores gris	1
stores immenses	1
style ordurier	1
sucre candi	1
sueur pestilentielle	1
sueurs terribles	1
suppositions prodigieuses	1
surprise malhonnête	1
systèmes politiques	1
tableau colossal	1
tableau moderne	1
tableau splendide	1
tableaux extraordinaires	1
table gigantesque	1
table innocente	1
table rase	1
tables neuves	1
tables vides	1
tables volantes	1
tabliers sales	1
tache blanche	1
tache grise	1
tâche révolutionnaire	1
tache rouge	1
taches blanchâtres	1
taches brunes	1
taches jaunes	1
taches noires	1
taches pures	1
taches vives	1
taille débordante	1
taille souple	1
tambourins humides	1
tapis parallèles	1
taquineries cruelles	1
tas énorme	1
tas énormes	1
tas gigantesques	1
tas moutonnants	1
tas noir	1
tas roses	1
tasses jaunes	1
tasses pleines	1
teinte claire	1
teint rude	1
teinture rouge	1
tel calme	1
tempérament tendre	1
temps froids	1
temps mous	1
tendresse charitable	1
tendresse humble	1
tendresse universelle	1
tentation surhumaine	1
tentatives malheureuses	1
tentes relevées	1
tentures riches	1
tenue officielle	1
terreau noir	1
terre dure	1
terre ferme	1
terre noire	1
terres basses	1
terreurs puériles	1
terrines jaunes	1
tête amical	1
tête blonde	1
tête bourdonnante	1
tête cassée	1
tête droite	1
tête dure	1
tête ensommeillée	1
tête fendue	1
tête lourde	1
tête noire	1
tête perdue	1
tête renversée	1
tête sanguinolente	1
têtes coléreuses	1
têtes minces	1
têtes moutonnantes	1
tête sournoise	1
têtes rondes	1
théories politiques	1
tiédeur bourgeoises	1
tiédeur heureuse	1
tignasses crêpues	1
toile bleue	1
toile grise	1
toile métallique	1
toiles métalliques	1
toilette habituel	1
toilette sérieuse	1
toilette soignée	1
toilettes superbes	1
toile verte	1
toison fauve	1
toits noirs	1
toits supérieurs	1
toitures crevées	1
tolérances nécessaires	1
ton bref	1
ton doucereux	1
ton fâché	1
ton gras	1
ton plein	1
ton rose	1
tons étranges	1
ton sourd	1
tons riches	1
tons roses	1
tons tendres	1
tons verdâtres	1
tons vigoureux	1
tons violents	1
torchon mouillé	1
torchon solide	1
torrent fangeux	1
torse superbe	1
tour abominable	1
tournure avantageuse	1
tours discrets	1
tout noir	1
toux opiniâtre	1
traînées verdâtres	1
train-train habituel	1
trait caractéristique	1
tranquillité béate	1
tranquillité énorme	1
tranquillité tiède	1
transparent lumineux	1
travaux gigantesques	1
traverses minces	1
très-bien peignée	1
très-bons amis	1
tringles minces	1
tristesse grise	1
tristesse maternelle	1
tronc énorme	1
trottoirs grisâtres	1
trottoirs superbes	1
trou imprévu	1
troupeaux interminables	1
trous charmants	1
trous sombres	1
urne centrale	1
urne semblable	1
vacances indéfinies	1
vache sacrée	1
va-et-vient incessant	1
vaisseau gigantesque	1
vaisseau immense	1
vaisselle grasse	1
vaisselles cassées	1
vapeur épaisse	1
vapeur forte	1
veau blafards	1
veaux entiers	1
végétation drue	1
veines bleues	1
veines violettes	1
vélin phosphorescent	1
velours gros	1
velours rose	1
velours rouge	1
vengeance terrible	1
vent humide	1
vent matinal	1
ventre blanc	1
ventre boutiquier	1
ventre fendue	1
ventre ouvert	1
ventre pâle	1
ventre plein	1
ventres blancs	1
ventres énormes	1
ventres jaunes	1
ventres plats	1
verdures débordantes	1
verdures effarées	1
verdures épaisses	1
verdures superbes	1
vérité absolues	1
vermillon vif	1
verre réglementaire	1
versions diverses	1
vertige continu	1
verts délicats	1
vert tendre	1
vertus ordinaires	1
verve opposante	1
verve parisienne	1
veste blanche	1
vestes grasses	1
vêtements blancs	1
vêtements secs	1
vexations nouvelles	1
viande rose	1
viandes étalées	1
viandes saignantes	1
vibrement général	1
vie amoureuse	1
vie calme	1
vieillards proprets	1
vieille gueuse	1
vieille marchande	1
vie impossible	1
vie mystérieuse	1
vie paisible	1
vie réglée	1
vie rude	1
vie sédentaire	1
vieux fou	1
vigueurs superbes	1
ville entière	1
ville étrange	1
ville gourmande	1
ville noire	1
ville nouvelle	1
ville souffrante	1
vin blanc	1
vin bon	1
violette musquée	1
visage calme	1
visage dur	1
visage grave	1
visage jaune	1
visage pâle	1
visage rose	1
visages pâles	1
vision colossale	1
vision rapide	1
vision vague	1
visite domiciliaire	1
vitrines vides	1
viviers circulaires	1
voie aiguë	1
voie ferrée	1
voiture grande	1
voix aigre	1
voix brusque	1
voix calme	1
voix claire	1
voix claires	1
voix continue	1
voix dolente	1
voix doucereuse	1
voix fâchée	1
voix grasse	1
voix hésitante	1
voix indifférente	1
voix indignée	1
voix ironique	1
voix joyeuse	1
voix larmoyante	1
voix lente	1
voix monotone	1
voix ordinaire	1
voix pâteuse	1
voix rapide	1
voix rieuse	1
voix rudes	1
voix sifflante	1
voix traînante	1
voix très-amicale	1
volailles vivantes	1
volupté noire	1
voluptés froides	1
voûte écrasée	1
voûte sonore	1
vue troublée	1
yeux béants	1
yeux bleus	1
yeux bruns	1
yeux calmes	1
yeux demi-clos	1
yeux doux	1
yeux effarés	1
yeux goguenards	1
yeux gros	1
yeux minces	1
yeux rouges	1
yeux sournois	1
yeux tendres	1
yeux troubles	1
yeux vagues	1
yeux vides	1
Zola G	1
